Rank,Candidate,Folder,Accuracy (%),Accuracy Std (%),Time (ms),Time Std (ms),Robustness,Latest_Snapshot
1,69,K10_thres0_mpc1_n2,100.0,,0.28684797936889805,,6.313093670241889,
2,70,K20_thres0.5_mpc1_n2,100.0,,0.4813279461151171,,10.871600706516102,
3,71,K20_thres0_mpc1_n2,100.0,,0.6102314833668363,,11.177023475700292,
4,72,K20_thres0_mpc4_n2,100.0,,1.7424579917620433,,20.417026924489544,
5,84,K20_thres1_mpc4_n2,100.0,,1.0731747209232654,,31.11246867114023,
6,79,K10_thres1_mpc4_n2,93.33333333333333,,0.5232018468561842,,22.64714873859378,
7,33,H8_K1_Meuler_T0.5_Dflow_matcher_v3_alphaflow.models.AlphaFlowODE,89.58333333333334,,0.03083840313698713,,6.08295265626646,20260730_211256
8,25,H8_K1_Meuler_T0.5_Dflow_matcher_v3_alphaflow.models.AlphaFlowODE,88.8888888888889,,0.014268661165544488,,1.3278862333609913,20260727_193701
9,85,K2_thres0.5_mpc1_n2_msgmpc1,88.88888888888889,,0.03885123588207992,,3.201265025623041,
10,76,K20_thres0.5_mpc4_n2,86.66666666666667,,1.365825621071549,,101.17666606271322,
11,47,H8_K2_Meuler_T0.5_A0.5_B1_Dflow_matcher_v3_alphaflow.models.AlphaFlowODE_msgmpc1,86.25,,0.018934395370754323,,2.369627387505317,20260827_163757
12,22,H8_K2_Meuler_T0.5_Dflow_matcher_v3_alphaflow.models.AlphaFlowODE,83.33333333333334,,0.039723085714764975,,1.009051702288914,20260724_021953
13,81,K20_thres0.1_mpc4_n2,83.33333333333334,,0.3799996357706823,,64.72876629675872,
14,82,K20_thres0.5_mpc4_n2,83.33333333333334,,0.8250568787407303,,20.89240307637432,
15,78,K10_thres0.5_mpc4_n2_msgthrmatch,83.33333333333333,,0.2970179469487408,,16.82595787340282,
16,83,K20_thres0.5_mpc4_n2_msgthrmatch,83.33333333333333,,0.6262472005455543,,18.11449321086256,
17,154,H8_K10_Meuler_T0.5_A0.5_B1_Dflow_matcher_v3_meanflow.models.MeanFlowODE,82.08333333333333,,0.31577001286362394,,17.474699154014438,20260812_152528
18,40,H8_K5_Meuler_T0.5_Dflow_matcher_v3_alphaflow.models.AlphaFlowODE,81.77083333333334,,0.18981776304274406,,5.66175582489381,20260801_143923
19,48,H8_K5_Meuler_T0.5_A0.5_B1_Dflow_matcher_v3_alphaflow.models.AlphaFlowODE,81.25,,0.17605807678748034,,6.411415579278546,20260812_122644
20,172,H8_K2_Meuler_T0.5_A1_B4_Dflow_matcher_v3_meanflow.models.MeanFlowODE_msghfmink_A1_mfunet_s6,80.72916666666666,,0.03207978781730844,,9.02358936674876,20260906_084823
21,27,H8_K5_Meuler_T0.5_Dflow_matcher_v3_alphaflow.models.AlphaFlowODE,80.55555555555557,,0.1984566782984157,,0.9340818835697287,20260727_200325
22,21,H8_K1_Meuler_T0.5_Dflow_matcher_v3_alphaflow.models.AlphaFlowODE,80.55555555555554,,0.024167145563037465,,0.9780779949990654,20260724_021135
23,129,H8_K2_Meuler_T0.5_Dflow_matcher_v3_imeanflow.models.iMeanFlowODE,80.55555555555554,,0.03847298658473972,,1.049503709052601,20260722_152316
24,197,H8_K10_Meuler_T1_Dmodels.diffusion.GaussianDiffusion,79.44444444444443,,0.8990273001022899,,1.7082914932769022,20260508_194433
25,143,H8_K10_Meuler_T0.5_Dflow_matcher_v3_meanflow.models.MeanFlowODE,79.16666666666667,,0.3901311928865666,,12.847519859341787,20260801_004351
26,152,H16_K5_Meuler_T0.5_A0.5_B1_Dflow_matcher_v3_meanflow.models.MeanFlowODE,79.16666666666666,,1.1107547578439907,,2.130113179762042,20260817_064356
27,41,H8_K10_Meuler_T0.5_A0.5_B1_Dflow_matcher_v3_alphaflow.models.AlphaFlowODE,78.75,,0.2960146451906085,,9.314656743434615,20260812_143907
28,42,H8_K1_Meuler_T0.5_A0.5_B1_Dflow_matcher_v3_alphaflow.models.AlphaFlowODE,78.75,,0.01848276700841153,,3.1395553992906806,20260812_100842
29,38,H8_K1_Meuler_T0.5_Dflow_matcher_v3_alphaflow.models.AlphaFlowODE,78.64583333333333,,0.018539600866773427,,2.659636496542209,20260801_123828
30,159,H8_K5_Meuler_T0.5_A0.5_B1_Dflow_matcher_v3_meanflow.models.MeanFlowODE,78.33333333333333,,0.1800932252854495,,6.764415062826909,20260812_125439
31,37,H8_K10_Meuler_T0.5_Dflow_matcher_v3_alphaflow.models.AlphaFlowODE,78.125,,0.32016304716017796,,12.09413379753123,20260801_164120
32,158,H8_K2_Meuler_T0.5_A0.5_B1_Dflow_matcher_v3_meanflow.models.MeanFlowODE_msgmpc1,78.125,,0.024172290080019705,,2.8908749278255983,20260827_171150
33,24,H8_K10_Meuler_T0.5_Dflow_matcher_v3_alphaflow.models.AlphaFlowODE,77.77777777777779,,0.37026910573209865,,0.9524304601217846,20260727_203138
34,23,H8_K5_Meuler_T0.5_Dflow_matcher_v3_alphaflow.models.AlphaFlowODE,77.77777777777777,,0.20806521402712552,,1.488780379634871,20260724_023649
35,80,K20_thres0.05_mpc4_n2,77.77777777777777,,0.3326994696373055,,62.1417286478446,
36,126,H8_K1_Meuler_T0.5_Dflow_matcher_v3_imeanflow.models.iMeanFlowODE,77.77777777777777,,0.02810464840237231,,0.8270354601109431,20260718_205600
37,43,H8_K1_Meuler_T0.5_A0.5_B1_Dflow_matcher_v3_alphaflow.models.AlphaFlowODE_msg20trials,77.41666666666667,,0.01915341000911402,,14.092805927444541,20260815_230735
38,156,H8_K20_Meuler_T0.5_A0.5_B1_Dflow_matcher_v3_meanflow.models.MeanFlowODE,77.08333333333334,,0.7698916864862939,,28.743679133864468,20260812_203342
39,86,K2_thres1_mpc1_n2_msgmpc1,76.38888888888889,,0.05676211031333822,,3.1152045684724228,
40,169,H8_K2_Meuler_T0.5_A0.5_B1_Dflow_matcher_v3_meanflow.models.MeanFlowODE,76.25,,0.032786756498814545,,1.7154803638622618,20260811_211436
41,44,H8_K20_Meuler_T0.5_A0.5_B1_Dflow_matcher_v3_alphaflow.models.AlphaFlowODE,76.25,,0.7431600612140961,,37.646154827096176,20260812_193016
42,63,H8_K1_Meuler_T0.5_A0.5_B4_Dflow_matcher_v3_alphaflow.models.AlphaFlowODE_msgdpccproto,75.55555555555556,,0.017951783364769672,,0.7363964359191186,20260918_112434
43,2,H8_K20_Meuler_T0.5_Dfm_visual_avoiding.models.visual_gaussian_diffusion.VisualFlowMatching_VTrue_mpc4,75.0,,9.212572100576624,,0.5168448687485785,20260620_235932
44,5,H8_K20_Meuler_T0.5_Dfm_visual_avoiding.models.visual_gaussian_diffusion.VisualFlowMatching_VTrue_mpc4_filmv2,75.0,,4.03206348055337,,2.197861748206062,20260630_134307
45,6,H8_K20_T0.5_Ddiffuser_visual_avoiding.models.visual_gaussian_diffusion.VisualGaussianDiffusion_VTrue_steps200_mpc4,75.0,,0.4862641585061558,,1.0712038919393247,20260621_035912
46,17,H8_K20_Dmodels.GaussianDiffusion_aw10_thres0.5,75.0,,0.5175123132645304,,1.9919415286207243,20260509_091817
47,19,H8_K20_T1_Dmodels.GaussianDiffusion_aw10,75.0,,0.5201762223903509,,1.9920117916359223,20260509_153238
48,55,H8_K1_Meuler_T0.5_A0.5_B4_Dflow_matcher_v3_alphaflow.models.AlphaFlowODE_msgac05_latest,75.0,,0.017723955635276196,,0.5853612300237432,20260901_023329
49,58,H8_K2_Meuler_T0.5_A0.5_B4_Dflow_matcher_v3_alphaflow.models.AlphaFlowODE_msgac05_latest,75.0,,0.02713357447515152,,0.6808089011718775,20260901_023733
50,74,K5_thres0_mpc1_n2,75.0,,0.14944996664298377,,10.004410522296086,
51,123,H8_K2_Meuler_T0.5_Dflow_matcher_v3_imeanflow.models.iMeanFlowODE,75.0,,0.037101893198280084,,0.7652321781791803,20260714_225255
52,52,H8_K2_Meuler_T0.5_A0.5_B4_Dflow_matcher_v3_alphaflow.models.AlphaFlowODE_msgafon005_s6,74.44444444444444,,0.026816998104301288,,0.38972930732571714,20260902_070632
53,1,H8_K2_Meuler_T0.5_A0.5_Dmix_visual_avoiding.models.visual_mf_diffusion.VisualMeanFlow_VTrue_mpc4_filmv1_Emf,73.88888888888889,,0.05973089677538521,,80.1224584127865,20260822_204705
54,167,H8_K20_Meuler_T0.5_A0.5_B1_Dflow_matcher_v3_meanflow.models.MeanFlowODE_msg20trials,73.66071428571429,,0.793248005638002,,65.32323219748803,20260815_122056
55,163,H8_K10_Meuler_T0.5_A0.5_B1_Dflow_matcher_v3_meanflow.models.MeanFlowODE_msg20trials,73.19345238095238,,0.3347415610534425,,31.458635519096177,20260814_204932
56,135,H8_K10_Meuler_T0.5_Dflow_matcher_v3_meanflow.models.MeanFlowODE,72.91666666666667,,0.3814818669001116,,12.895373285823645,20260730_164148
57,148,H16_K1_Meuler_T0.5_A0.5_B1_Dflow_matcher_v3_meanflow.models.MeanFlowODE,72.91666666666667,,0.07581172407264339,,1.4036967433728413,20260817_053516
58,150,H16_K2_Meuler_T0.5_A0.5_B1_Dflow_matcher_v3_meanflow.models.MeanFlowODE,72.91666666666667,,0.08858814758687365,,1.4788575554716918,20260817_054642
59,168,"H8_K2_Meuler_T0,5_Dflow_matcher_v3_meanflow.models.MeanFlowODE",72.91666666666666,,0.04474802484667314,,3.4529216656971946,20260806_211022
60,170,H8_K2_Meuler_T0.5_A0.5_B1_Dflow_matcher_v3_meanflow.models.MeanFlowODE_msg20trials,72.79166666666667,,0.03289031774493869,,9.983342236894476,20260813_212322
61,65,H8_K2_Meuler_T0.5_A0.5_B4_Dflow_matcher_v3_alphaflow.models.AlphaFlowODE_msgafon02_s6,72.5,,0.026942796159819093,,0.3258732943216276,20260902_010244
62,166,H8_K1_Meuler_T0.5_A0.5_B1_Dflow_matcher_v3_meanflow.models.MeanFlowODE_msg20trials,72.375,,0.02394546346851439,,10.03914319636815,20260813_202147
63,61,H8_K10_Meuler_T0.5_A0.5_B4_Dflow_matcher_v3_alphaflow.models.AlphaFlowODE_msgafon02_s6,72.29166666666667,,0.3073470801155893,,53.53727488461767,20260902_071213
64,104,H8_K10_Meuler_T0.5_Dflow_matcher_v3_imeanflow.models.iMeanFlowODE,72.22222222222223,,0.4268377768013521,,0.8536290085689694,20260713_145743
65,140,H8_K2_Meuler_T0.5_Dflow_matcher_v3_meanflow.models.MeanFlowODE,72.22222222222221,,0.03789926976822409,,0.739261300204609,20260724_014600
66,194,H8_K5_Meuler_T0.5_Dmodels.diffusion.FlowMatchingODE,72.22222222222221,,0.11112404904204988,,1.3088817645321729,20260716_134138
67,53,H8_K5_Meuler_T0.5_A0.5_B4_Dflow_matcher_v3_alphaflow.models.AlphaFlowODE_msgafon005_s6,72.08333333333333,,0.18202214246835385,,40.3169354154883,20260902_091738
68,165,H8_K1_Meuler_T0.5_A0.5_B1_Dflow_matcher_v3_meanflow.models.MeanFlowODE,72.08333333333333,,0.024215718215696652,,2.1598827124805946,20260811_210631
69,51,H8_K20_Meuler_T0.5_A0.5_B4_Dflow_matcher_v3_alphaflow.models.AlphaFlowODE_msgafon005_s6,71.875,,0.7666614998241759,,179.50700892352316,20260902_214153
70,174,H8_K3_Meuler_T0.5_A1_B4_Dflow_matcher_v3_meanflow.models.MeanFlowODE_msghfmink_A1_mfunet_s6,71.875,,0.1179445279187314,,11.764992645488238,20260906_094308
71,178,H8_K5_Meuler_T0.5_A0.5_B1_Dflow_matcher_v3_meanflow.models.MeanFlowODE_msg20trials,71.83333333333333,,0.19197592271708563,,25.269099828745965,20260814_112051
72,66,H8_K2_Meuler_T0.5_A0.5_B4_Dflow_matcher_v3_alphaflow.models.AlphaFlowODE_msgdpccproto,71.66666666666667,,0.026889263085219422,,0.8399805016447887,20260918_114541
73,180,H8_K5_Meuler_T0.5_A1_B4_Dflow_matcher_v3_meanflow.models.MeanFlowODE_msghfmink_A1_mfunet_s6,71.35416666666667,,0.18630307306787924,,23.634468744731006,20260906_110114
74,195,H8_K5_Meuler_T0.5_Dmodels.diffusion.FlowMatchingODE_msg20trials,71.22222222222221,,0.10557953375138866,,1.9712381874534823,20260819_173831
75,11,H8_K20_T0.5_Dmodels.GaussianDiffusion_msg20trials,70.84848484848484,,0.5195470640029928,,2.216125507835968,20260818_092633
76,36,H8_K5_Meuler_T0.5_Dflow_matcher_v3_alphaflow.models.AlphaFlowODE,70.83333333333334,,0.1970046923811526,,8.49503580663513,20260730_215118
77,149,H16_K1_Meuler_T0.5_A0.5_B1_Dflow_matcher_v3_meanflow.models.MeanFlowODE_msgr8,70.83333333333334,,0.009854107198733588,,1.1767663341211156,20260817_145407
78,177,H8_K5_Meuler_T0.5_A0.5_B1_Dflow_matcher_v3_meanflow.models.MeanFlowODE,70.83333333333334,,0.1879745639981667,,4.945078273909814,20260811_212930
79,49,H8_K10_Meuler_T0.5_A0.5_B4_Dflow_matcher_v3_alphaflow.models.AlphaFlowODE_msgafon005_s6,70.83333333333333,,0.3118429506985606,,65.03075971117353,20260902_132317
80,191,H8_K20_Meuler_T0.5_Dmodels.diffusion.FlowMatchingODE_msg20trials,70.81196581196582,,0.4285318598127959,,1.7868857917458048,20260825_131217
81,62,H8_K1_Meuler_T0.5_A0.5_B4_Dflow_matcher_v3_alphaflow.models.AlphaFlowODE_msgafon02_s6,70.55555555555556,,0.017779221456109207,,0.47245845604754927,20260902_002643
82,196,H8_K10_Dmodels.diffusion.GaussianDiffusion,70.55555555555556,,0.18355172235159142,,2.323974764364599,
83,67,H8_K5_Meuler_T0.5_A0.5_B4_Dflow_matcher_v3_alphaflow.models.AlphaFlowODE_msgafon02_s6,69.79166666666667,,0.1780411558073166,,31.007858440191765,20260902_031219
84,45,H8_K2_Meuler_T0.5_A0.5_B1_Dflow_matcher_v3_alphaflow.models.AlphaFlowODE,69.58333333333333,,0.025453330886224465,,3.298327388684899,20260812_105551
85,13,H8_K20_T1_Dmodels.GaussianDiffusion,69.44444444444446,,1.8759087539979793,,2.613281273094289,20260804_234416
86,199,H8_K20_Meuler_Dmodels.diffusion.GaussianDiffusion,69.44444444444446,,0.49301990236978027,,2.888529208032919,20260507_185238
87,14,X_H8_K20_T0.05_Dmodels.GaussianDiffusion,69.44444444444443,,0.523817799386293,,1.3497737112207657,20260804_135435
88,15,X_H8_K20_T0.1_Dmodels.GaussianDiffusion,69.44444444444443,,0.518585280711196,,1.3497419461750748,20260804_103242
89,16,X_H8_K20_T1_Dmodels.GaussianDiffusion,69.44444444444443,,0.5256820730269127,,1.3498349258742683,20260804_162821
90,189,H8_K20_Meuler_T0.1_Dmodels.diffusion.FlowMatchingODE,69.44444444444443,,0.18968738496934814,,1.027297157752894,20260804_084816
91,193,H8_K2_Meuler_T0.5_Dmodels.diffusion.FlowMatchingODE_msgdpccproto,69.44444444444443,,0.02660651511049596,,1.7912616923287816,20260917_232742
92,64,H8_K20_Meuler_T0.5_A0.5_B4_Dflow_matcher_v3_alphaflow.models.AlphaFlowODE_msgafon02_s6,69.16666666666667,,0.758273389054189,,109.97864051067793,20260902_151243
93,192,H8_K2_Meuler_T0.5_Dmodels.diffusion.FlowMatchingODE_msg20trials,69.11111111111111,,0.028226035733612154,,1.64190914570132,20260819_072031
94,32,H8_K10_Meuler_T0.5_Dflow_matcher_v3_alphaflow.models.AlphaFlowODE,68.75,,0.39325984320881335,,13.113492093527126,20260730_223308
95,147,H8_K5_Meuler_T0.5_Dflow_matcher_v3_meanflow.models.MeanFlowODE,68.75,,0.2217592003101035,,6.079684982126672,20260731_235932
96,162,H8_K10_Meuler_T0.5_A0.5_B1_Dflow_matcher_v3_meanflow.models.MeanFlowODE,68.33333333333333,,0.3286396809461207,,4.362009263164412,20260811_215412
97,198,H8_K1_Meuler_T0.5_Dmodels.diffusion.GaussianDiffusion,68.33333333333333,,0.018548036005825972,,1.4598089866036768,20260520_210946
98,201,H8_K10_Meuler_Dmodels.diffusion.GaussianDiffusion,68.33333333333333,,0.18497272888690708,,2.049428120359858,20260507_033255
99,187,H8_K1_Meuler_T0.5_Dmodels.diffusion.FlowMatchingODE_msgdpccproto,67.77777777777777,,0.01829037096301726,,1.3983188625521443,20260917_225037
100,190,H8_K20_Meuler_T0.5_Dmodels.diffusion.FlowMatchingODE,67.77777777777777,,0.5251500647330564,,2.231446526375333,20260703_011554
101,200,H8_K5_Mmidpoint_Dmodels.diffusion.GaussianDiffusion,67.77777777777777,,0.1503797588533413,,2.2035084806674634,
102,50,H8_K1_Meuler_T0.5_A0.5_B4_Dflow_matcher_v3_alphaflow.models.AlphaFlowODE_msgafon005_s6,66.94444444444444,,0.018302784660065494,,0.5428162431215563,20260902_062918
103,171,H8_K2_Meuler_T0.5_A0.5_B1_Dflow_matcher_v3_meanflow.models.MeanFlowODE_msgmpc1,66.66666666666667,,0.027880178300167296,,1.5741870255989028,20260823_222807
104,18,H8_K20_T0.5_Dmodels.GaussianDiffusion_aw1,66.66666666666666,,0.5470724177739555,,1.9240581088997533,20260510_102451
105,73,K2_thres0_mpc1_n2,66.66666666666666,,0.052136827166281124,,3.521114002321926,
106,90,H8_K10_Meuler_T0.5_Dflow_matcher_v3_imeanflow.models.iMeanFlowODE,66.66666666666666,,0.4959228520052386,,1.5801486856638232,20260616_180446
107,91,H8_K2_Meuler_T0.5_Dflow_matcher_v3_imeanflow.models.iMeanFlowODE,66.66666666666666,,0.060289406941576064,,0.9066474575120341,20260616_141001
108,121,H8_K10_Meuler_T0.5_Dflow_matcher_v3_imeanflow.models.iMeanFlowODE,66.66666666666666,,0.387435829152581,,1.1157248993535167,20260715_114457
109,130,H8_K2_Meuler_T0.5_Dflow_matcher_v3_imeanflow.models.iMeanFlowODE,66.66666666666666,,0.03774597146579633,,1.8188397576865314,20260721_161037
110,137,H8_K20_Meuler_T0.5_Dflow_matcher_v3_meanflow.models.MeanFlowODE,66.66666666666666,,0.9276271775321916,,41.09577882034185,20260730_174107
111,139,H8_K5_Meuler_T0.5_Dflow_matcher_v3_meanflow.models.MeanFlowODE,66.66666666666666,,0.21638348834870308,,5.958607689194609,20260730_162243
112,184,H8_K10_Meuler_T0.05_Dmodels.diffusion.FlowMatchingODE,66.66666666666666,,0.09387530292997691,,1.1147375342751278,20260803_231042
113,185,H8_K10_Meuler_T0.1_Dmodels.diffusion.FlowMatchingODE,66.66666666666666,,0.09415227907446216,,1.1147343704807267,20260803_221426
114,186,H8_K1_Meuler_T0.5_Dmodels.diffusion.FlowMatchingODE_msg20trials,66.44444444444444,,0.020432224460193948,,1.4477645227500782,20260819_012337
115,39,H8_K2_Meuler_T0.5_Dflow_matcher_v3_alphaflow.models.AlphaFlowODE,65.83333333333334,,0.03336949943954555,,24.313146721003854,20260801_131902
116,59,H8_K2_Meuler_T0.5_Dflow_matcher_v3_alphaflow.models.AlphaFlowODE,64.58333333333334,,0.0836441704617899,,14.800622238874167,20260808_223953
117,175,H8_K5_Meuler_T0.5_A0.1_B1_Dflow_matcher_v3_meanflow.models.MeanFlowODE,64.58333333333334,,0.17530143528756936,,3.527820558979812,20260811_224859
118,176,H8_K5_Meuler_T0.5_A0.25_B1_Dflow_matcher_v3_meanflow.models.MeanFlowODE,64.58333333333334,,0.18187616828660425,,3.9557965060699556,20260811_230534
119,179,H8_K5_Meuler_T0.5_A0_B1_Dflow_matcher_v3_meanflow.models.MeanFlowODE,64.58333333333334,,0.17394246104314892,,3.5278147769990142,20260811_224853
120,145,H8_K20_Meuler_T0.5_Dflow_matcher_v3_meanflow.models.MeanFlowODE,64.58333333333333,,0.9243913271219681,,41.10902431819271,20260801_020939
121,153,H16_K5_Meuler_T0.5_A0.5_B1_Dflow_matcher_v3_meanflow.models.MeanFlowODE_msgr8,64.58333333333333,,0.1644092303035146,,1.2492704928178815,20260817_151158
122,20,H8_K10_Meuler_T0.5_Dflow_matcher_v3_alphaflow.models.AlphaFlowODE,63.88888888888889,,0.37883236372382867,,1.7255338258154729,20260724_030710
123,105,H8_K10_Meuler_T0.5_Dflow_matcher_v3_imeanflow.models.iMeanFlowODE,63.88888888888889,,0.6384359424032199,,1.9595846239101324,20260617_121218
124,122,H8_K1_Meuler_T0.5_Dflow_matcher_v3_imeanflow.models.iMeanFlowODE,63.88888888888889,,0.0317856329120872,,1.076349751568058,20260716_214045
125,8,H8_K10_Dmodels.GaussianDiffusion_aw10_thres0.5,63.33333333333333,,0.29867651375087007,,1.8607837442932074,20260506_034806
126,46,H8_K2_Meuler_T0.5_A0.5_B1_Dflow_matcher_v3_alphaflow.models.AlphaFlowODE_msg20trials,63.041666666666664,,0.025101535359020183,,12.023511215618047,20260816_065129
127,34,H8_K20_Meuler_T0.5_Dflow_matcher_v3_alphaflow.models.AlphaFlowODE,62.5,,0.9365117654010434,,32.135258568320715,20260730_235852
128,3,(old_no_mpc_traj)H8_K20_Meuler_T0.5_Dfm_visual_avoiding.models.visual_gaussian_diffusion.VisualFlowMatching_VTrue_mpc4,61.61616161616163,,8.094547430308419,,2.0408155975726667,20260625_052023
129,125,H8_K10_Meuler_T0.5_Dflow_matcher_v3_imeanflow.models.iMeanFlowODE,61.111111111111114,,0.3766862058524654,,1.693321451337609,20260718_212748
130,124,H8_K50_Meuler_T0.5_Dflow_matcher_v3_imeanflow.models.iMeanFlowODE,61.11111111111111,,2.826400634090572,,0.8651696003916114,20260716_004756
131,188,H8_K20_Meuler_T0.05_Dmodels.diffusion.FlowMatchingODE,61.11111111111111,,0.17855297133387338,,0.9386060930348551,20260804_081544
132,151,H16_K2_Meuler_T0.5_A0.5_B1_Dflow_matcher_v3_meanflow.models.MeanFlowODE_msgr8,60.41666666666667,,0.011643623799337456,,2.012495726006993,20260817_150007
133,160,H8_K10_Meuler_T0.5_A0.1_B1_Dflow_matcher_v3_meanflow.models.MeanFlowODE,60.416666666666664,,0.29091963996111414,,5.00511495688925,20260811_232700
134,164,H8_K10_Meuler_T0.5_A0_B1_Dflow_matcher_v3_meanflow.models.MeanFlowODE,60.416666666666664,,0.29037995296890673,,5.005109774540849,20260811_230955
135,157,H8_K2_Meuler_T0.5_A0.5_B1_Dflow_matcher_v3_meanflow.models.MeanFlowODE,58.75,,0.03165389262267613,,3.9004125424018175,20260812_111908
136,12,H8_K20_T0.5_Dmodels.GaussianDiffusion_msgmpc1,58.333333333333336,,0.2760416532452741,,2.0851842083456424,20260827_165120
137,68,H8_K10_Meuler_T0.5_Dmodels.diffusion.GaussianDiffusion,58.333333333333336,,0.17482318375552167,,1.9677301933681186,20260521_202300
138,92,H8_K10_Meuler_T0.5_Dflow_matcher_v3_imeanflow.models.iMeanFlowODE,58.333333333333336,,0.4550292989258491,,1.8136583153606847,20260614_213229
139,161,H8_K10_Meuler_T0.5_A0.25_B1_Dflow_matcher_v3_meanflow.models.MeanFlowODE,58.333333333333336,,0.3017175146124922,,5.909167751747037,20260811_233457
140,7,H8_K20_T0.5_Ddiffuser_visual_avoiding.models.visual_gaussian_diffusion.VisualGaussianDiffusion_VTrue_steps200_mpc4,56.666666666666664,,0.5660697696761865,,1.9548480255231746,20260624_100850
141,155,H8_K1_Meuler_T0.5_A0.5_B1_Dflow_matcher_v3_meanflow.models.MeanFlowODE,56.666666666666664,,0.034567764797657996,,5.098529634023641,20260812_102549
142,132,H8_K20_Meuler_T0.5_Dflow_matcher_v3_meanflow.models.MeanFlowODE,56.25,,0.9445911593508576,,33.03002028211598,20260730_130657
143,134,H8_K5_Meuler_T0.5_Dflow_matcher_v3_meanflow.models.MeanFlowODE,56.25,,0.2199173709299061,,10.599177056372955,20260730_115010
144,127,H8_K2_Meuler_T0.5_Dflow_matcher_v3_imeanflow.models.iMeanFlowODE,55.55555555555557,,0.038863297858102504,,0.9637674674339041,20260718_170803
145,98,H8_K20_Meuler_T0.5_Dflow_matcher_v3_imeanflow.models.iMeanFlowODE,55.55555555555556,,1.109663479038443,,1.7573098243613472,20260601_154815
146,146,H8_K2_Meuler_T0.5_Dflow_matcher_v3_meanflow.models.MeanFlowODE,54.166666666666664,,0.04040962251127084,,22.528278083265356,20260802_000208
147,93,H8_K10_Meuler_T0.5_Dflow_matcher_v3_imeanflow.models.iMeanFlowODE,52.77777777777778,,0.48172675408790183,,1.8614680102926522,20260617_073831
148,141,H8_K2_Meuler_T0.5_Dflow_matcher_v3_meanflow.models.MeanFlowODE,50.000000000000014,,0.02451764694221985,,0.6840551659271963,20260727_215507
149,4,H8_K20_Meuler_T0.5_Dfm_visual_avoiding.models.visual_gaussian_diffusion.VisualFlowMatching_VTrue_mpc4_filmv1,50.0,,0.8241979767380122,,1.8683474537588556,20260715_043315
150,131,H8_K1_Meuler_T0.5_Dflow_matcher_v3_meanflow.models.MeanFlowODE,50.0,,0.04918694402494177,,5.52964758071691,20260730_113339
151,144,H8_K1_Meuler_T0.5_Dflow_matcher_v3_meanflow.models.MeanFlowODE,50.0,,0.05227293880004807,,4.909197245639004,20260731_231841
152,103,H8_K10_Meuler_T0.5_Dflow_matcher_v3_imeanflow.models.iMeanFlowODE,49.99999999999999,,0.5212479080327758,,1.4857273369094053,20260629_072523
153,133,H8_K2_Meuler_T0.5_Dflow_matcher_v3_meanflow.models.MeanFlowODE,47.91666666666667,,0.04295820899775732,,4.3551094043976,20260728_234845
154,136,H8_K1_Meuler_T0.5_Dflow_matcher_v3_meanflow.models.MeanFlowODE,47.916666666666664,,0.052037277107281184,,4.836789667504513,20260730_155904
155,97,H8_K10_Meuler_T0.5_Dflow_matcher_v3_imeanflow.models.iMeanFlowODE,47.22222222222223,,0.4277725139594925,,1.9818544478506035,20260602_211437
156,106,H8_K10_Meuler_T0.5_Dflow_matcher_v3_imeanflow.models.iMeanFlowODE,47.22222222222223,,0.6027880989306985,,2.17683864771455,20260708_121601
157,100,H8_K10_Meuler_T0.5_Dflow_matcher_v3_imeanflow.models.iMeanFlowODE,47.222222222222214,,0.4883378997298318,,1.6845225035021054,20260611_103039
158,101,H8_K10_Meuler_T0.5_Dflow_matcher_v3_imeanflow.models.iMeanFlowODE,47.222222222222214,,0.5010685531442934,,1.9389621579594283,20260611_151613
159,102,H8_K10_Meuler_T0.5_Dflow_matcher_v3_imeanflow.models.iMeanFlowODE,47.222222222222214,,0.5523157985964927,,1.0587206540277765,20260620_111625
160,116,H8_K10_Meuler_T0.5_Dflow_matcher_v3_imeanflow.models.iMeanFlowODE,47.222222222222214,,0.6386795671910493,,2.738823357342205,20260615_183130
161,120,H8_K100_Meuler_T0.5_Dflow_matcher_v3_imeanflow.models.iMeanFlowODE,47.222222222222214,,6.847778416809258,,1.6652380771701962,20260716_172820
162,26,H8_K2_Meuler_T0.5_Dflow_matcher_v3_alphaflow.models.AlphaFlowODE,44.44444444444444,,0.030316341366960486,,1.2058628962747742,20260727_194707
163,95,H8_K2_Meuler_T0.5_Dflow_matcher_v3_imeanflow.models.iMeanFlowODE,44.44444444444444,,0.05232034429903898,,1.5354228876070755,20260615_095505
164,99,H8_K2_Meuler_T0.5_Dflow_matcher_v3_imeanflow.models.iMeanFlowODE,44.44444444444444,,0.04990740635062139,,2.3815011942283446,20260601_163855
165,96,(legacy_F2)H8_K2_Meuler_T0.5_Dflow_matcher_v3_imeanflow.models.iMeanFlowODE,41.66666666666667,,0.04940915735074775,,1.6838644540907826,20260531_150906
166,108,H8_K20_Meuler_T0.5_Dflow_matcher_v3_imeanflow.models.iMeanFlowODE,41.66666666666667,,1.3697430910397521,,1.8851561395561967,20260618_231211
167,128,H8_K50_Meuler_T0.5_Dflow_matcher_v3_imeanflow.models.iMeanFlowODE,41.66666666666667,,2.923315697271731,,1.5863864119516775,20260719_000711
168,109,H8_K20_Mrk4_T0.5_Dflow_matcher_v3_imeanflow.models.iMeanFlowODE,38.88888888888889,,1.5537797874973425,,3.6926307289625693,20260619_110750
169,138,H8_K2_Meuler_T0.5_Dflow_matcher_v3_meanflow.models.MeanFlowODE,37.5,,0.04388873920210123,,1.8293265309411353,20260730_160100
170,107,H8_K10_Meuler_T0.5_Dflow_matcher_v3_imeanflow.models.iMeanFlowODE,36.111111111111114,,0.5597170775187599,,2.1420637423805844,20260618_195550
171,118,H8_K10_Meuler_T0.5_Dflow_matcher_v3_imeanflow.models.iMeanFlowODE,36.111111111111114,,0.5416661307658616,,2.1420843576452064,20260618_004153
172,35,H8_K2_Meuler_T0.5_Dflow_matcher_v3_alphaflow.models.AlphaFlowODE,33.333333333333336,,0.04471874360782219,,4.7920066462975655,20260730_212846
173,9,H8_K1_T0.5_Dmodels.GaussianDiffusion,33.33333333333333,,0.03230712276475573,,2.6469204726694575,20260521_121737
174,111,H8_K40_Meuler_T0.5_Dflow_matcher_v3_imeanflow.models.iMeanFlowODE,30.555555555555557,,2.790282780851902,,2.1900579320587825,20260619_025804
175,94,H8_K10_Meuler_T0.5_Dflow_matcher_v3_imeanflow.models.iMeanFlowODE,30.555555555555554,,0.5344827706469627,,2.7790060456097807,20260615_091019
176,110,H8_K2_Mrk4_T0.5_Dflow_matcher_v3_imeanflow.models.iMeanFlowODE,25.0,,0.0953542557051677,,3.025688062280026,20260619_100202
177,119,H8_K2_Meuler_T0.5_Dflow_matcher_v3_imeanflow.models.iMeanFlowODE,25.0,,0.09751362807901319,,2.8743731104295254,20260618_094825
178,142,H8_K2_Meuler_T0.5_Dflow_matcher_v3_meanflow.models.MeanFlowODE,22.22222222222222,,0.07622650412742468,,2.27242876498766,20260725_072657
179,117,H8_K10_Meuler_T0.5_Dflow_matcher_v3_imeanflow.models.iMeanFlowODE,19.444444444444443,,0.8382026732419394,,4.05544104000454,20260709_152110
180,113,H8_K10_Meuler_Dflow_matcher_v3_imeanflow.models.iMFDiffusion,16.666666666666664,,0.41181408954930165,,4.6254939379311795,20260521_214552
181,54,H8_K10_Meuler_T0.5_Dflow_matcher_v3_alphaflow.models.AlphaFlowODE,14.583333333333334,,1.680917476016645,,27.36361811230841,20260809_011656
182,57,H8_K1_Meuler_T0.5_Dflow_matcher_v3_alphaflow.models.AlphaFlowODE,10.416666666666666,,0.19173163059283832,,6.110755997558959,20260808_221637
183,60,H8_K5_Meuler_T0.5_Dflow_matcher_v3_alphaflow.models.AlphaFlowODE,10.416666666666666,,0.8007837238858948,,14.297301376249075,20260808_233001
184,29,H8_K1_Meuler_T0.5_Dflow_matcher_v3_alphaflow.models.AlphaFlowODE,5.555555555555555,,0.22611799457368306,,3.2491574318851253,20260725_025101
185,28,H8_K10_Meuler_T0.5_Dflow_matcher_v3_alphaflow.models.AlphaFlowODE,2.7777777777777777,,2.0476146344427164,,3.69240904333125,20260725_060253
186,30,H8_K2_Meuler_T0.5_Dflow_matcher_v3_alphaflow.models.AlphaFlowODE,2.7777777777777777,,0.26571315639459975,,3.187905491806908,20260725_031246
187,31,H8_K5_Meuler_T0.5_Dflow_matcher_v3_alphaflow.models.AlphaFlowODE,2.7777777777777777,,0.9915200308730866,,3.1991816042729884,20260725_040348
188,114,H8_K1_Meuler_T0.5_Dflow_matcher_v3_imeanflow.models.iMeanFlowODE,0.0,,0.09063100364978371,,5.489816290886042,20260529_222657
189,115,H8_K2_Meuler_T0.5_Dflow_matcher_v3_imeanflow.models.iMeanFlowODE,0.0,,0.11097103878911581,,5.663483366264396,20260530_095857
