Candidate,Folder_Name,Full_Path,Missing_Seeds,Latest_Snapshot,seed,variant,constraint_type,halfspace_variant,metric,value
1,post_U3,/u/home/llim/FMPCC/FM-PCC/logs/d3il_visual_aligning_baseline/_DA_VA_BRIDGE_d3il_baseline/d3il_baseline_ddpm_encdec_vision,,20260701_013505,42,d3il_baseline,test,none,n_success,0.0
1,post_U3,/u/home/llim/FMPCC/FM-PCC/logs/d3il_visual_aligning_baseline/_DA_VA_BRIDGE_d3il_baseline/d3il_baseline_ddpm_encdec_vision,,20260701_013505,42,d3il_baseline,test,none,n_success_and_constraints,
1,post_U3,/u/home/llim/FMPCC/FM-PCC/logs/d3il_visual_aligning_baseline/_DA_VA_BRIDGE_d3il_baseline/d3il_baseline_ddpm_encdec_vision,,20260701_013505,42,d3il_baseline,test,none,mean_dist_per_rollout,0.40088680340144456
1,post_U3,/u/home/llim/FMPCC/FM-PCC/logs/d3il_visual_aligning_baseline/_DA_VA_BRIDGE_d3il_baseline/d3il_baseline_ddpm_encdec_vision,,20260701_013505,42,d3il_baseline,test,none,n_steps,400.0
1,post_U3,/u/home/llim/FMPCC/FM-PCC/logs/d3il_visual_aligning_baseline/_DA_VA_BRIDGE_d3il_baseline/d3il_baseline_ddpm_encdec_vision,,20260701_013505,42,d3il_baseline,test,none,avg_time,0.022660185185185183
1,post_U3,/u/home/llim/FMPCC/FM-PCC/logs/d3il_visual_aligning_baseline/_DA_VA_BRIDGE_d3il_baseline/d3il_baseline_ddpm_encdec_vision,,20260701_013505,42,d3il_baseline,test,none,avg_time_ms,22.660185185185185
1,post_U3,/u/home/llim/FMPCC/FM-PCC/logs/d3il_visual_aligning_baseline/_DA_VA_BRIDGE_d3il_baseline/d3il_baseline_ddpm_encdec_vision,,20260701_013505,42,d3il_baseline,test,none,context_box_angle_deg,-11.862369660039743
1,post_U3,/u/home/llim/FMPCC/FM-PCC/logs/d3il_visual_aligning_baseline/_DA_VA_BRIDGE_d3il_baseline/d3il_baseline_ddpm_encdec_vision,,20260701_013505,42,d3il_baseline,test,none,context_box_init_xy_x,0.5175060629844666
1,post_U3,/u/home/llim/FMPCC/FM-PCC/logs/d3il_visual_aligning_baseline/_DA_VA_BRIDGE_d3il_baseline/d3il_baseline_ddpm_encdec_vision,,20260701_013505,42,d3il_baseline,test,none,context_box_init_xy_y,-0.16934162105123202
1,post_U3,/u/home/llim/FMPCC/FM-PCC/logs/d3il_visual_aligning_baseline/_DA_VA_BRIDGE_d3il_baseline/d3il_baseline_ddpm_encdec_vision,,20260701_013505,42,d3il_baseline,test,none,context_final_box_angle_deg,-6.515042210319115
1,post_U3,/u/home/llim/FMPCC/FM-PCC/logs/d3il_visual_aligning_baseline/_DA_VA_BRIDGE_d3il_baseline/d3il_baseline_ddpm_encdec_vision,,20260701_013505,42,d3il_baseline,test,none,context_final_box_xy_x,0.5342906819219845
1,post_U3,/u/home/llim/FMPCC/FM-PCC/logs/d3il_visual_aligning_baseline/_DA_VA_BRIDGE_d3il_baseline/d3il_baseline_ddpm_encdec_vision,,20260701_013505,42,d3il_baseline,test,none,context_final_box_xy_y,-0.07473267663081525
1,post_U3,/u/home/llim/FMPCC/FM-PCC/logs/d3il_visual_aligning_baseline/_DA_VA_BRIDGE_d3il_baseline/d3il_baseline_ddpm_encdec_vision,,20260701_013505,42,d3il_baseline,test,none,context_final_xy_dist,0.4274111908015834
1,post_U3,/u/home/llim/FMPCC/FM-PCC/logs/d3il_visual_aligning_baseline/_DA_VA_BRIDGE_d3il_baseline/d3il_baseline_ddpm_encdec_vision,,20260701_013505,42,d3il_baseline,test,none,context_index,29.5
1,post_U3,/u/home/llim/FMPCC/FM-PCC/logs/d3il_visual_aligning_baseline/_DA_VA_BRIDGE_d3il_baseline/d3il_baseline_ddpm_encdec_vision,,20260701_013505,42,d3il_baseline,test,none,context_init_xy_dist,0.44645914286375044
1,post_U3,/u/home/llim/FMPCC/FM-PCC/logs/d3il_visual_aligning_baseline/_DA_VA_BRIDGE_d3il_baseline/d3il_baseline_ddpm_encdec_vision,,20260701_013505,42,d3il_baseline,test,none,context_target_angle_deg,-0.10211116522550583
1,post_U3,/u/home/llim/FMPCC/FM-PCC/logs/d3il_visual_aligning_baseline/_DA_VA_BRIDGE_d3il_baseline/d3il_baseline_ddpm_encdec_vision,,20260701_013505,42,d3il_baseline,test,none,context_target_xy_x,0.49267314225435255
1,post_U3,/u/home/llim/FMPCC/FM-PCC/logs/d3il_visual_aligning_baseline/_DA_VA_BRIDGE_d3il_baseline/d3il_baseline_ddpm_encdec_vision,,20260701_013505,42,d3il_baseline,test,none,context_target_xy_y,0.2693596601486206
1,post_U3,/u/home/llim/FMPCC/FM-PCC/logs/d3il_visual_aligning_baseline/_DA_VA_BRIDGE_d3il_baseline/d3il_baseline_ddpm_encdec_vision,,20260701_013505,42,d3il_baseline,test,none,diagnostics_found,1.0
1,post_U3,/u/home/llim/FMPCC/FM-PCC/logs/d3il_visual_aligning_baseline/_DA_VA_BRIDGE_d3il_baseline/d3il_baseline_ddpm_encdec_vision,,20260701_013505,42,d3il_baseline,test,none,frozen,0.0
1,post_U3,/u/home/llim/FMPCC/FM-PCC/logs/d3il_visual_aligning_baseline/_DA_VA_BRIDGE_d3il_baseline/d3il_baseline_ddpm_encdec_vision,,20260701_013505,42,d3il_baseline,test,none,frozen_worst_overlap_m,
1,post_U3,/u/home/llim/FMPCC/FM-PCC/logs/d3il_visual_aligning_baseline/_DA_VA_BRIDGE_d3il_baseline/d3il_baseline_ddpm_encdec_vision,,20260701_013505,42,d3il_baseline,test,none,mode_encoding,0.8953703703703704
1,post_U3,/u/home/llim/FMPCC/FM-PCC/logs/d3il_visual_aligning_baseline/_DA_VA_BRIDGE_d3il_baseline/d3il_baseline_ddpm_encdec_vision,,20260701_013505,42,d3il_baseline,test,none,success_strict,0.0
1,post_U3,/u/home/llim/FMPCC/FM-PCC/logs/d3il_visual_aligning_baseline/_DA_VA_BRIDGE_d3il_baseline/d3il_baseline_ddpm_encdec_vision,,20260701_013505,42,d3il_baseline,test,none,total_violations,
2,Bf_U3,/u/home/llim/FMPCC/FM-PCC/logs/d3il_visual_aligning_baseline/_DA_VA_BRIDGE_d3il_baseline_Bf_U3/d3il_baseline_ddpm_encdec_vision__Bf_U3,,20260620_170326,0,d3il_baseline,test,none,n_success,0.0
2,Bf_U3,/u/home/llim/FMPCC/FM-PCC/logs/d3il_visual_aligning_baseline/_DA_VA_BRIDGE_d3il_baseline_Bf_U3/d3il_baseline_ddpm_encdec_vision__Bf_U3,,20260620_170326,0,d3il_baseline,test,none,n_success_and_constraints,
2,Bf_U3,/u/home/llim/FMPCC/FM-PCC/logs/d3il_visual_aligning_baseline/_DA_VA_BRIDGE_d3il_baseline_Bf_U3/d3il_baseline_ddpm_encdec_vision__Bf_U3,,20260620_170326,0,d3il_baseline,test,none,mean_dist_per_rollout,0.4025549966039545
2,Bf_U3,/u/home/llim/FMPCC/FM-PCC/logs/d3il_visual_aligning_baseline/_DA_VA_BRIDGE_d3il_baseline_Bf_U3/d3il_baseline_ddpm_encdec_vision__Bf_U3,,20260620_170326,0,d3il_baseline,test,none,n_steps,400.0
2,Bf_U3,/u/home/llim/FMPCC/FM-PCC/logs/d3il_visual_aligning_baseline/_DA_VA_BRIDGE_d3il_baseline_Bf_U3/d3il_baseline_ddpm_encdec_vision__Bf_U3,,20260620_170326,0,d3il_baseline,test,none,avg_time,
2,Bf_U3,/u/home/llim/FMPCC/FM-PCC/logs/d3il_visual_aligning_baseline/_DA_VA_BRIDGE_d3il_baseline_Bf_U3/d3il_baseline_ddpm_encdec_vision__Bf_U3,,20260620_170326,0,d3il_baseline,test,none,avg_time_ms,
2,Bf_U3,/u/home/llim/FMPCC/FM-PCC/logs/d3il_visual_aligning_baseline/_DA_VA_BRIDGE_d3il_baseline_Bf_U3/d3il_baseline_ddpm_encdec_vision__Bf_U3,,20260620_170326,0,d3il_baseline,test,none,context_box_angle_deg,-27.646303954062525
2,Bf_U3,/u/home/llim/FMPCC/FM-PCC/logs/d3il_visual_aligning_baseline/_DA_VA_BRIDGE_d3il_baseline_Bf_U3/d3il_baseline_ddpm_encdec_vision__Bf_U3,,20260620_170326,0,d3il_baseline,test,none,context_box_init_xy_x,0.5261693732305006
2,Bf_U3,/u/home/llim/FMPCC/FM-PCC/logs/d3il_visual_aligning_baseline/_DA_VA_BRIDGE_d3il_baseline_Bf_U3/d3il_baseline_ddpm_encdec_vision__Bf_U3,,20260620_170326,0,d3il_baseline,test,none,context_box_init_xy_y,-0.17267940744951174
2,Bf_U3,/u/home/llim/FMPCC/FM-PCC/logs/d3il_visual_aligning_baseline/_DA_VA_BRIDGE_d3il_baseline_Bf_U3/d3il_baseline_ddpm_encdec_vision__Bf_U3,,20260620_170326,0,d3il_baseline,test,none,context_final_box_angle_deg,-27.570696157994572
2,Bf_U3,/u/home/llim/FMPCC/FM-PCC/logs/d3il_visual_aligning_baseline/_DA_VA_BRIDGE_d3il_baseline_Bf_U3/d3il_baseline_ddpm_encdec_vision__Bf_U3,,20260620_170326,0,d3il_baseline,test,none,context_final_box_xy_x,0.5399000755528045
2,Bf_U3,/u/home/llim/FMPCC/FM-PCC/logs/d3il_visual_aligning_baseline/_DA_VA_BRIDGE_d3il_baseline_Bf_U3/d3il_baseline_ddpm_encdec_vision__Bf_U3,,20260620_170326,0,d3il_baseline,test,none,context_final_box_xy_y,-0.0641026367089737
2,Bf_U3,/u/home/llim/FMPCC/FM-PCC/logs/d3il_visual_aligning_baseline/_DA_VA_BRIDGE_d3il_baseline_Bf_U3/d3il_baseline_ddpm_encdec_vision__Bf_U3,,20260620_170326,0,d3il_baseline,test,none,context_final_xy_dist,0.40901545502719705
2,Bf_U3,/u/home/llim/FMPCC/FM-PCC/logs/d3il_visual_aligning_baseline/_DA_VA_BRIDGE_d3il_baseline_Bf_U3/d3il_baseline_ddpm_encdec_vision__Bf_U3,,20260620_170326,0,d3il_baseline,test,none,context_index,12.337662337662337
2,Bf_U3,/u/home/llim/FMPCC/FM-PCC/logs/d3il_visual_aligning_baseline/_DA_VA_BRIDGE_d3il_baseline_Bf_U3/d3il_baseline_ddpm_encdec_vision__Bf_U3,,20260620_170326,0,d3il_baseline,test,none,context_init_xy_dist,0.44684769348664716
2,Bf_U3,/u/home/llim/FMPCC/FM-PCC/logs/d3il_visual_aligning_baseline/_DA_VA_BRIDGE_d3il_baseline_Bf_U3/d3il_baseline_ddpm_encdec_vision__Bf_U3,,20260620_170326,0,d3il_baseline,test,none,context_target_angle_deg,1.2874284967199547
2,Bf_U3,/u/home/llim/FMPCC/FM-PCC/logs/d3il_visual_aligning_baseline/_DA_VA_BRIDGE_d3il_baseline_Bf_U3/d3il_baseline_ddpm_encdec_vision__Bf_U3,,20260620_170326,0,d3il_baseline,test,none,context_target_xy_x,0.48558791891320957
2,Bf_U3,/u/home/llim/FMPCC/FM-PCC/logs/d3il_visual_aligning_baseline/_DA_VA_BRIDGE_d3il_baseline_Bf_U3/d3il_baseline_ddpm_encdec_vision__Bf_U3,,20260620_170326,0,d3il_baseline,test,none,context_target_xy_y,0.2658326447784127
2,Bf_U3,/u/home/llim/FMPCC/FM-PCC/logs/d3il_visual_aligning_baseline/_DA_VA_BRIDGE_d3il_baseline_Bf_U3/d3il_baseline_ddpm_encdec_vision__Bf_U3,,20260620_170326,0,d3il_baseline,test,none,diagnostics_found,1.0
2,Bf_U3,/u/home/llim/FMPCC/FM-PCC/logs/d3il_visual_aligning_baseline/_DA_VA_BRIDGE_d3il_baseline_Bf_U3/d3il_baseline_ddpm_encdec_vision__Bf_U3,,20260620_170326,0,d3il_baseline,test,none,frozen,0.0
2,Bf_U3,/u/home/llim/FMPCC/FM-PCC/logs/d3il_visual_aligning_baseline/_DA_VA_BRIDGE_d3il_baseline_Bf_U3/d3il_baseline_ddpm_encdec_vision__Bf_U3,,20260620_170326,0,d3il_baseline,test,none,frozen_worst_overlap_m,
2,Bf_U3,/u/home/llim/FMPCC/FM-PCC/logs/d3il_visual_aligning_baseline/_DA_VA_BRIDGE_d3il_baseline_Bf_U3/d3il_baseline_ddpm_encdec_vision__Bf_U3,,20260620_170326,0,d3il_baseline,test,none,mode_encoding,0.8679653679653679
2,Bf_U3,/u/home/llim/FMPCC/FM-PCC/logs/d3il_visual_aligning_baseline/_DA_VA_BRIDGE_d3il_baseline_Bf_U3/d3il_baseline_ddpm_encdec_vision__Bf_U3,,20260620_170326,0,d3il_baseline,test,none,success_strict,0.0
2,Bf_U3,/u/home/llim/FMPCC/FM-PCC/logs/d3il_visual_aligning_baseline/_DA_VA_BRIDGE_d3il_baseline_Bf_U3/d3il_baseline_ddpm_encdec_vision__Bf_U3,,20260620_170326,0,d3il_baseline,test,none,total_violations,
2,Bf_U3,/u/home/llim/FMPCC/FM-PCC/logs/d3il_visual_aligning_baseline/_DA_VA_BRIDGE_d3il_baseline_Bf_U3/d3il_baseline_ddpm_encdec_vision__Bf_U3,,20260620_135000,1,d3il_baseline,test,none,n_success,0.0021141649048625794
2,Bf_U3,/u/home/llim/FMPCC/FM-PCC/logs/d3il_visual_aligning_baseline/_DA_VA_BRIDGE_d3il_baseline_Bf_U3/d3il_baseline_ddpm_encdec_vision__Bf_U3,,20260620_135000,1,d3il_baseline,test,none,n_success_and_constraints,
2,Bf_U3,/u/home/llim/FMPCC/FM-PCC/logs/d3il_visual_aligning_baseline/_DA_VA_BRIDGE_d3il_baseline_Bf_U3/d3il_baseline_ddpm_encdec_vision__Bf_U3,,20260620_135000,1,d3il_baseline,test,none,mean_dist_per_rollout,0.40034253691291966
2,Bf_U3,/u/home/llim/FMPCC/FM-PCC/logs/d3il_visual_aligning_baseline/_DA_VA_BRIDGE_d3il_baseline_Bf_U3/d3il_baseline_ddpm_encdec_vision__Bf_U3,,20260620_135000,1,d3il_baseline,test,none,n_steps,399.4989429175476
2,Bf_U3,/u/home/llim/FMPCC/FM-PCC/logs/d3il_visual_aligning_baseline/_DA_VA_BRIDGE_d3il_baseline_Bf_U3/d3il_baseline_ddpm_encdec_vision__Bf_U3,,20260620_135000,1,d3il_baseline,test,none,avg_time,
2,Bf_U3,/u/home/llim/FMPCC/FM-PCC/logs/d3il_visual_aligning_baseline/_DA_VA_BRIDGE_d3il_baseline_Bf_U3/d3il_baseline_ddpm_encdec_vision__Bf_U3,,20260620_135000,1,d3il_baseline,test,none,avg_time_ms,
2,Bf_U3,/u/home/llim/FMPCC/FM-PCC/logs/d3il_visual_aligning_baseline/_DA_VA_BRIDGE_d3il_baseline_Bf_U3/d3il_baseline_ddpm_encdec_vision__Bf_U3,,20260620_135000,1,d3il_baseline,test,none,context_box_angle_deg,-28.41825883736318
2,Bf_U3,/u/home/llim/FMPCC/FM-PCC/logs/d3il_visual_aligning_baseline/_DA_VA_BRIDGE_d3il_baseline_Bf_U3/d3il_baseline_ddpm_encdec_vision__Bf_U3,,20260620_135000,1,d3il_baseline,test,none,context_box_init_xy_x,0.5263123550072281
2,Bf_U3,/u/home/llim/FMPCC/FM-PCC/logs/d3il_visual_aligning_baseline/_DA_VA_BRIDGE_d3il_baseline_Bf_U3/d3il_baseline_ddpm_encdec_vision__Bf_U3,,20260620_135000,1,d3il_baseline,test,none,context_box_init_xy_y,-0.17293369499119846
2,Bf_U3,/u/home/llim/FMPCC/FM-PCC/logs/d3il_visual_aligning_baseline/_DA_VA_BRIDGE_d3il_baseline_Bf_U3/d3il_baseline_ddpm_encdec_vision__Bf_U3,,20260620_135000,1,d3il_baseline,test,none,context_final_box_angle_deg,-28.043545844735856
2,Bf_U3,/u/home/llim/FMPCC/FM-PCC/logs/d3il_visual_aligning_baseline/_DA_VA_BRIDGE_d3il_baseline_Bf_U3/d3il_baseline_ddpm_encdec_vision__Bf_U3,,20260620_135000,1,d3il_baseline,test,none,context_final_box_xy_x,0.555694707030724
2,Bf_U3,/u/home/llim/FMPCC/FM-PCC/logs/d3il_visual_aligning_baseline/_DA_VA_BRIDGE_d3il_baseline_Bf_U3/d3il_baseline_ddpm_encdec_vision__Bf_U3,,20260620_135000,1,d3il_baseline,test,none,context_final_box_xy_y,-0.07196542254343412
2,Bf_U3,/u/home/llim/FMPCC/FM-PCC/logs/d3il_visual_aligning_baseline/_DA_VA_BRIDGE_d3il_baseline_Bf_U3/d3il_baseline_ddpm_encdec_vision__Bf_U3,,20260620_135000,1,d3il_baseline,test,none,context_final_xy_dist,0.4113131707680711
2,Bf_U3,/u/home/llim/FMPCC/FM-PCC/logs/d3il_visual_aligning_baseline/_DA_VA_BRIDGE_d3il_baseline_Bf_U3/d3il_baseline_ddpm_encdec_vision__Bf_U3,,20260620_135000,1,d3il_baseline,test,none,context_index,12.642706131078224
2,Bf_U3,/u/home/llim/FMPCC/FM-PCC/logs/d3il_visual_aligning_baseline/_DA_VA_BRIDGE_d3il_baseline_Bf_U3/d3il_baseline_ddpm_encdec_vision__Bf_U3,,20260620_135000,1,d3il_baseline,test,none,context_init_xy_dist,0.4459182718969551
2,Bf_U3,/u/home/llim/FMPCC/FM-PCC/logs/d3il_visual_aligning_baseline/_DA_VA_BRIDGE_d3il_baseline_Bf_U3/d3il_baseline_ddpm_encdec_vision__Bf_U3,,20260620_135000,1,d3il_baseline,test,none,context_target_angle_deg,1.3636034911077068
2,Bf_U3,/u/home/llim/FMPCC/FM-PCC/logs/d3il_visual_aligning_baseline/_DA_VA_BRIDGE_d3il_baseline_Bf_U3/d3il_baseline_ddpm_encdec_vision__Bf_U3,,20260620_135000,1,d3il_baseline,test,none,context_target_xy_x,0.4855335876503152
2,Bf_U3,/u/home/llim/FMPCC/FM-PCC/logs/d3il_visual_aligning_baseline/_DA_VA_BRIDGE_d3il_baseline_Bf_U3/d3il_baseline_ddpm_encdec_vision__Bf_U3,,20260620_135000,1,d3il_baseline,test,none,context_target_xy_y,0.2646553834888446
2,Bf_U3,/u/home/llim/FMPCC/FM-PCC/logs/d3il_visual_aligning_baseline/_DA_VA_BRIDGE_d3il_baseline_Bf_U3/d3il_baseline_ddpm_encdec_vision__Bf_U3,,20260620_135000,1,d3il_baseline,test,none,diagnostics_found,1.0
2,Bf_U3,/u/home/llim/FMPCC/FM-PCC/logs/d3il_visual_aligning_baseline/_DA_VA_BRIDGE_d3il_baseline_Bf_U3/d3il_baseline_ddpm_encdec_vision__Bf_U3,,20260620_135000,1,d3il_baseline,test,none,frozen,0.0
2,Bf_U3,/u/home/llim/FMPCC/FM-PCC/logs/d3il_visual_aligning_baseline/_DA_VA_BRIDGE_d3il_baseline_Bf_U3/d3il_baseline_ddpm_encdec_vision__Bf_U3,,20260620_135000,1,d3il_baseline,test,none,frozen_worst_overlap_m,
2,Bf_U3,/u/home/llim/FMPCC/FM-PCC/logs/d3il_visual_aligning_baseline/_DA_VA_BRIDGE_d3il_baseline_Bf_U3/d3il_baseline_ddpm_encdec_vision__Bf_U3,,20260620_135000,1,d3il_baseline,test,none,mode_encoding,0.8372093023255814
2,Bf_U3,/u/home/llim/FMPCC/FM-PCC/logs/d3il_visual_aligning_baseline/_DA_VA_BRIDGE_d3il_baseline_Bf_U3/d3il_baseline_ddpm_encdec_vision__Bf_U3,,20260620_135000,1,d3il_baseline,test,none,success_strict,0.0021141649048625794
2,Bf_U3,/u/home/llim/FMPCC/FM-PCC/logs/d3il_visual_aligning_baseline/_DA_VA_BRIDGE_d3il_baseline_Bf_U3/d3il_baseline_ddpm_encdec_vision__Bf_U3,,20260620_135000,1,d3il_baseline,test,none,total_violations,
2,Bf_U3,/u/home/llim/FMPCC/FM-PCC/logs/d3il_visual_aligning_baseline/_DA_VA_BRIDGE_d3il_baseline_Bf_U3/d3il_baseline_ddpm_encdec_vision__Bf_U3,,20260620_175026,2,d3il_baseline,test,none,n_success,0.0
2,Bf_U3,/u/home/llim/FMPCC/FM-PCC/logs/d3il_visual_aligning_baseline/_DA_VA_BRIDGE_d3il_baseline_Bf_U3/d3il_baseline_ddpm_encdec_vision__Bf_U3,,20260620_175026,2,d3il_baseline,test,none,n_success_and_constraints,
2,Bf_U3,/u/home/llim/FMPCC/FM-PCC/logs/d3il_visual_aligning_baseline/_DA_VA_BRIDGE_d3il_baseline_Bf_U3/d3il_baseline_ddpm_encdec_vision__Bf_U3,,20260620_175026,2,d3il_baseline,test,none,mean_dist_per_rollout,0.3983834583524387
2,Bf_U3,/u/home/llim/FMPCC/FM-PCC/logs/d3il_visual_aligning_baseline/_DA_VA_BRIDGE_d3il_baseline_Bf_U3/d3il_baseline_ddpm_encdec_vision__Bf_U3,,20260620_175026,2,d3il_baseline,test,none,n_steps,400.0
2,Bf_U3,/u/home/llim/FMPCC/FM-PCC/logs/d3il_visual_aligning_baseline/_DA_VA_BRIDGE_d3il_baseline_Bf_U3/d3il_baseline_ddpm_encdec_vision__Bf_U3,,20260620_175026,2,d3il_baseline,test,none,avg_time,
2,Bf_U3,/u/home/llim/FMPCC/FM-PCC/logs/d3il_visual_aligning_baseline/_DA_VA_BRIDGE_d3il_baseline_Bf_U3/d3il_baseline_ddpm_encdec_vision__Bf_U3,,20260620_175026,2,d3il_baseline,test,none,avg_time_ms,
2,Bf_U3,/u/home/llim/FMPCC/FM-PCC/logs/d3il_visual_aligning_baseline/_DA_VA_BRIDGE_d3il_baseline_Bf_U3/d3il_baseline_ddpm_encdec_vision__Bf_U3,,20260620_175026,2,d3il_baseline,test,none,context_box_angle_deg,-27.952806922105644
2,Bf_U3,/u/home/llim/FMPCC/FM-PCC/logs/d3il_visual_aligning_baseline/_DA_VA_BRIDGE_d3il_baseline_Bf_U3/d3il_baseline_ddpm_encdec_vision__Bf_U3,,20260620_175026,2,d3il_baseline,test,none,context_box_init_xy_x,0.5261090019574532
2,Bf_U3,/u/home/llim/FMPCC/FM-PCC/logs/d3il_visual_aligning_baseline/_DA_VA_BRIDGE_d3il_baseline_Bf_U3/d3il_baseline_ddpm_encdec_vision__Bf_U3,,20260620_175026,2,d3il_baseline,test,none,context_box_init_xy_y,-0.17231870557253176
2,Bf_U3,/u/home/llim/FMPCC/FM-PCC/logs/d3il_visual_aligning_baseline/_DA_VA_BRIDGE_d3il_baseline_Bf_U3/d3il_baseline_ddpm_encdec_vision__Bf_U3,,20260620_175026,2,d3il_baseline,test,none,context_final_box_angle_deg,-26.27951245589946
2,Bf_U3,/u/home/llim/FMPCC/FM-PCC/logs/d3il_visual_aligning_baseline/_DA_VA_BRIDGE_d3il_baseline_Bf_U3/d3il_baseline_ddpm_encdec_vision__Bf_U3,,20260620_175026,2,d3il_baseline,test,none,context_final_box_xy_x,0.5381138065725418
2,Bf_U3,/u/home/llim/FMPCC/FM-PCC/logs/d3il_visual_aligning_baseline/_DA_VA_BRIDGE_d3il_baseline_Bf_U3/d3il_baseline_ddpm_encdec_vision__Bf_U3,,20260620_175026,2,d3il_baseline,test,none,context_final_box_xy_y,-0.09477149644891189
2,Bf_U3,/u/home/llim/FMPCC/FM-PCC/logs/d3il_visual_aligning_baseline/_DA_VA_BRIDGE_d3il_baseline_Bf_U3/d3il_baseline_ddpm_encdec_vision__Bf_U3,,20260620_175026,2,d3il_baseline,test,none,context_final_xy_dist,0.4220949781368919
2,Bf_U3,/u/home/llim/FMPCC/FM-PCC/logs/d3il_visual_aligning_baseline/_DA_VA_BRIDGE_d3il_baseline_Bf_U3/d3il_baseline_ddpm_encdec_vision__Bf_U3,,20260620_175026,2,d3il_baseline,test,none,context_index,12.5
2,Bf_U3,/u/home/llim/FMPCC/FM-PCC/logs/d3il_visual_aligning_baseline/_DA_VA_BRIDGE_d3il_baseline_Bf_U3/d3il_baseline_ddpm_encdec_vision__Bf_U3,,20260620_175026,2,d3il_baseline,test,none,context_init_xy_dist,0.4459395007445262
2,Bf_U3,/u/home/llim/FMPCC/FM-PCC/logs/d3il_visual_aligning_baseline/_DA_VA_BRIDGE_d3il_baseline_Bf_U3/d3il_baseline_ddpm_encdec_vision__Bf_U3,,20260620_175026,2,d3il_baseline,test,none,context_target_angle_deg,2.00029233785776
2,Bf_U3,/u/home/llim/FMPCC/FM-PCC/logs/d3il_visual_aligning_baseline/_DA_VA_BRIDGE_d3il_baseline_Bf_U3/d3il_baseline_ddpm_encdec_vision__Bf_U3,,20260620_175026,2,d3il_baseline,test,none,context_target_xy_x,0.48472088460738844
2,Bf_U3,/u/home/llim/FMPCC/FM-PCC/logs/d3il_visual_aligning_baseline/_DA_VA_BRIDGE_d3il_baseline_Bf_U3/d3il_baseline_ddpm_encdec_vision__Bf_U3,,20260620_175026,2,d3il_baseline,test,none,context_target_xy_y,0.265205795948322
2,Bf_U3,/u/home/llim/FMPCC/FM-PCC/logs/d3il_visual_aligning_baseline/_DA_VA_BRIDGE_d3il_baseline_Bf_U3/d3il_baseline_ddpm_encdec_vision__Bf_U3,,20260620_175026,2,d3il_baseline,test,none,diagnostics_found,1.0
2,Bf_U3,/u/home/llim/FMPCC/FM-PCC/logs/d3il_visual_aligning_baseline/_DA_VA_BRIDGE_d3il_baseline_Bf_U3/d3il_baseline_ddpm_encdec_vision__Bf_U3,,20260620_175026,2,d3il_baseline,test,none,frozen,0.0
2,Bf_U3,/u/home/llim/FMPCC/FM-PCC/logs/d3il_visual_aligning_baseline/_DA_VA_BRIDGE_d3il_baseline_Bf_U3/d3il_baseline_ddpm_encdec_vision__Bf_U3,,20260620_175026,2,d3il_baseline,test,none,frozen_worst_overlap_m,
2,Bf_U3,/u/home/llim/FMPCC/FM-PCC/logs/d3il_visual_aligning_baseline/_DA_VA_BRIDGE_d3il_baseline_Bf_U3/d3il_baseline_ddpm_encdec_vision__Bf_U3,,20260620_175026,2,d3il_baseline,test,none,mode_encoding,0.8974358974358975
2,Bf_U3,/u/home/llim/FMPCC/FM-PCC/logs/d3il_visual_aligning_baseline/_DA_VA_BRIDGE_d3il_baseline_Bf_U3/d3il_baseline_ddpm_encdec_vision__Bf_U3,,20260620_175026,2,d3il_baseline,test,none,success_strict,0.0
2,Bf_U3,/u/home/llim/FMPCC/FM-PCC/logs/d3il_visual_aligning_baseline/_DA_VA_BRIDGE_d3il_baseline_Bf_U3/d3il_baseline_ddpm_encdec_vision__Bf_U3,,20260620_175026,2,d3il_baseline,test,none,total_violations,
2,Bf_U3,/u/home/llim/FMPCC/FM-PCC/logs/d3il_visual_aligning_baseline/_DA_VA_BRIDGE_d3il_baseline_Bf_U3/d3il_baseline_ddpm_encdec_vision__Bf_U3,,20260620_130306,3,d3il_baseline,test,none,n_success,0.006437768240343348
2,Bf_U3,/u/home/llim/FMPCC/FM-PCC/logs/d3il_visual_aligning_baseline/_DA_VA_BRIDGE_d3il_baseline_Bf_U3/d3il_baseline_ddpm_encdec_vision__Bf_U3,,20260620_130306,3,d3il_baseline,test,none,n_success_and_constraints,
2,Bf_U3,/u/home/llim/FMPCC/FM-PCC/logs/d3il_visual_aligning_baseline/_DA_VA_BRIDGE_d3il_baseline_Bf_U3/d3il_baseline_ddpm_encdec_vision__Bf_U3,,20260620_130306,3,d3il_baseline,test,none,mean_dist_per_rollout,0.36217301981038513
2,Bf_U3,/u/home/llim/FMPCC/FM-PCC/logs/d3il_visual_aligning_baseline/_DA_VA_BRIDGE_d3il_baseline_Bf_U3/d3il_baseline_ddpm_encdec_vision__Bf_U3,,20260620_130306,3,d3il_baseline,test,none,n_steps,398.96351931330474
2,Bf_U3,/u/home/llim/FMPCC/FM-PCC/logs/d3il_visual_aligning_baseline/_DA_VA_BRIDGE_d3il_baseline_Bf_U3/d3il_baseline_ddpm_encdec_vision__Bf_U3,,20260620_130306,3,d3il_baseline,test,none,avg_time,
2,Bf_U3,/u/home/llim/FMPCC/FM-PCC/logs/d3il_visual_aligning_baseline/_DA_VA_BRIDGE_d3il_baseline_Bf_U3/d3il_baseline_ddpm_encdec_vision__Bf_U3,,20260620_130306,3,d3il_baseline,test,none,avg_time_ms,
2,Bf_U3,/u/home/llim/FMPCC/FM-PCC/logs/d3il_visual_aligning_baseline/_DA_VA_BRIDGE_d3il_baseline_Bf_U3/d3il_baseline_ddpm_encdec_vision__Bf_U3,,20260620_130306,3,d3il_baseline,test,none,context_box_angle_deg,-27.851516241679377
2,Bf_U3,/u/home/llim/FMPCC/FM-PCC/logs/d3il_visual_aligning_baseline/_DA_VA_BRIDGE_d3il_baseline_Bf_U3/d3il_baseline_ddpm_encdec_vision__Bf_U3,,20260620_130306,3,d3il_baseline,test,none,context_box_init_xy_x,0.5261289529790183
2,Bf_U3,/u/home/llim/FMPCC/FM-PCC/logs/d3il_visual_aligning_baseline/_DA_VA_BRIDGE_d3il_baseline_Bf_U3/d3il_baseline_ddpm_encdec_vision__Bf_U3,,20260620_130306,3,d3il_baseline,test,none,context_box_init_xy_y,-0.17243790748037494
2,Bf_U3,/u/home/llim/FMPCC/FM-PCC/logs/d3il_visual_aligning_baseline/_DA_VA_BRIDGE_d3il_baseline_Bf_U3/d3il_baseline_ddpm_encdec_vision__Bf_U3,,20260620_130306,3,d3il_baseline,test,none,context_final_box_angle_deg,-38.827820017876725
2,Bf_U3,/u/home/llim/FMPCC/FM-PCC/logs/d3il_visual_aligning_baseline/_DA_VA_BRIDGE_d3il_baseline_Bf_U3/d3il_baseline_ddpm_encdec_vision__Bf_U3,,20260620_130306,3,d3il_baseline,test,none,context_final_box_xy_x,0.5844207617892124
2,Bf_U3,/u/home/llim/FMPCC/FM-PCC/logs/d3il_visual_aligning_baseline/_DA_VA_BRIDGE_d3il_baseline_Bf_U3/d3il_baseline_ddpm_encdec_vision__Bf_U3,,20260620_130306,3,d3il_baseline,test,none,context_final_box_xy_y,0.08592397547696078
2,Bf_U3,/u/home/llim/FMPCC/FM-PCC/logs/d3il_visual_aligning_baseline/_DA_VA_BRIDGE_d3il_baseline_Bf_U3/d3il_baseline_ddpm_encdec_vision__Bf_U3,,20260620_130306,3,d3il_baseline,test,none,context_final_xy_dist,0.30453457323458455
2,Bf_U3,/u/home/llim/FMPCC/FM-PCC/logs/d3il_visual_aligning_baseline/_DA_VA_BRIDGE_d3il_baseline_Bf_U3/d3il_baseline_ddpm_encdec_vision__Bf_U3,,20260620_130306,3,d3il_baseline,test,none,context_index,12.446351931330472
2,Bf_U3,/u/home/llim/FMPCC/FM-PCC/logs/d3il_visual_aligning_baseline/_DA_VA_BRIDGE_d3il_baseline_Bf_U3/d3il_baseline_ddpm_encdec_vision__Bf_U3,,20260620_130306,3,d3il_baseline,test,none,context_init_xy_dist,0.44623963310994813
2,Bf_U3,/u/home/llim/FMPCC/FM-PCC/logs/d3il_visual_aligning_baseline/_DA_VA_BRIDGE_d3il_baseline_Bf_U3/d3il_baseline_ddpm_encdec_vision__Bf_U3,,20260620_130306,3,d3il_baseline,test,none,context_target_angle_deg,1.7647107251212322
2,Bf_U3,/u/home/llim/FMPCC/FM-PCC/logs/d3il_visual_aligning_baseline/_DA_VA_BRIDGE_d3il_baseline_Bf_U3/d3il_baseline_ddpm_encdec_vision__Bf_U3,,20260620_130306,3,d3il_baseline,test,none,context_target_xy_x,0.48500741525781
2,Bf_U3,/u/home/llim/FMPCC/FM-PCC/logs/d3il_visual_aligning_baseline/_DA_VA_BRIDGE_d3il_baseline_Bf_U3/d3il_baseline_ddpm_encdec_vision__Bf_U3,,20260620_130306,3,d3il_baseline,test,none,context_target_xy_y,0.26541295199946785
2,Bf_U3,/u/home/llim/FMPCC/FM-PCC/logs/d3il_visual_aligning_baseline/_DA_VA_BRIDGE_d3il_baseline_Bf_U3/d3il_baseline_ddpm_encdec_vision__Bf_U3,,20260620_130306,3,d3il_baseline,test,none,diagnostics_found,1.0
2,Bf_U3,/u/home/llim/FMPCC/FM-PCC/logs/d3il_visual_aligning_baseline/_DA_VA_BRIDGE_d3il_baseline_Bf_U3/d3il_baseline_ddpm_encdec_vision__Bf_U3,,20260620_130306,3,d3il_baseline,test,none,frozen,0.0
2,Bf_U3,/u/home/llim/FMPCC/FM-PCC/logs/d3il_visual_aligning_baseline/_DA_VA_BRIDGE_d3il_baseline_Bf_U3/d3il_baseline_ddpm_encdec_vision__Bf_U3,,20260620_130306,3,d3il_baseline,test,none,frozen_worst_overlap_m,
2,Bf_U3,/u/home/llim/FMPCC/FM-PCC/logs/d3il_visual_aligning_baseline/_DA_VA_BRIDGE_d3il_baseline_Bf_U3/d3il_baseline_ddpm_encdec_vision__Bf_U3,,20260620_130306,3,d3il_baseline,test,none,mode_encoding,0.5107296137339056
2,Bf_U3,/u/home/llim/FMPCC/FM-PCC/logs/d3il_visual_aligning_baseline/_DA_VA_BRIDGE_d3il_baseline_Bf_U3/d3il_baseline_ddpm_encdec_vision__Bf_U3,,20260620_130306,3,d3il_baseline,test,none,success_strict,0.006437768240343348
2,Bf_U3,/u/home/llim/FMPCC/FM-PCC/logs/d3il_visual_aligning_baseline/_DA_VA_BRIDGE_d3il_baseline_Bf_U3/d3il_baseline_ddpm_encdec_vision__Bf_U3,,20260620_130306,3,d3il_baseline,test,none,total_violations,
2,Bf_U3,/u/home/llim/FMPCC/FM-PCC/logs/d3il_visual_aligning_baseline/_DA_VA_BRIDGE_d3il_baseline_Bf_U3/d3il_baseline_ddpm_encdec_vision__Bf_U3,,20260620_210858,4,d3il_baseline,test,none,n_success,0.008565310492505354
2,Bf_U3,/u/home/llim/FMPCC/FM-PCC/logs/d3il_visual_aligning_baseline/_DA_VA_BRIDGE_d3il_baseline_Bf_U3/d3il_baseline_ddpm_encdec_vision__Bf_U3,,20260620_210858,4,d3il_baseline,test,none,n_success_and_constraints,
2,Bf_U3,/u/home/llim/FMPCC/FM-PCC/logs/d3il_visual_aligning_baseline/_DA_VA_BRIDGE_d3il_baseline_Bf_U3/d3il_baseline_ddpm_encdec_vision__Bf_U3,,20260620_210858,4,d3il_baseline,test,none,mean_dist_per_rollout,0.387207004405471
2,Bf_U3,/u/home/llim/FMPCC/FM-PCC/logs/d3il_visual_aligning_baseline/_DA_VA_BRIDGE_d3il_baseline_Bf_U3/d3il_baseline_ddpm_encdec_vision__Bf_U3,,20260620_210858,4,d3il_baseline,test,none,n_steps,397.83725910064237
2,Bf_U3,/u/home/llim/FMPCC/FM-PCC/logs/d3il_visual_aligning_baseline/_DA_VA_BRIDGE_d3il_baseline_Bf_U3/d3il_baseline_ddpm_encdec_vision__Bf_U3,,20260620_210858,4,d3il_baseline,test,none,avg_time,
2,Bf_U3,/u/home/llim/FMPCC/FM-PCC/logs/d3il_visual_aligning_baseline/_DA_VA_BRIDGE_d3il_baseline_Bf_U3/d3il_baseline_ddpm_encdec_vision__Bf_U3,,20260620_210858,4,d3il_baseline,test,none,avg_time_ms,
2,Bf_U3,/u/home/llim/FMPCC/FM-PCC/logs/d3il_visual_aligning_baseline/_DA_VA_BRIDGE_d3il_baseline_Bf_U3/d3il_baseline_ddpm_encdec_vision__Bf_U3,,20260620_210858,4,d3il_baseline,test,none,context_box_angle_deg,-27.90227003015849
2,Bf_U3,/u/home/llim/FMPCC/FM-PCC/logs/d3il_visual_aligning_baseline/_DA_VA_BRIDGE_d3il_baseline_Bf_U3/d3il_baseline_ddpm_encdec_vision__Bf_U3,,20260620_210858,4,d3il_baseline,test,none,context_box_init_xy_x,0.5261189561073989
2,Bf_U3,/u/home/llim/FMPCC/FM-PCC/logs/d3il_visual_aligning_baseline/_DA_VA_BRIDGE_d3il_baseline_Bf_U3/d3il_baseline_ddpm_encdec_vision__Bf_U3,,20260620_210858,4,d3il_baseline,test,none,context_box_init_xy_y,-0.17237817890128435
2,Bf_U3,/u/home/llim/FMPCC/FM-PCC/logs/d3il_visual_aligning_baseline/_DA_VA_BRIDGE_d3il_baseline_Bf_U3/d3il_baseline_ddpm_encdec_vision__Bf_U3,,20260620_210858,4,d3il_baseline,test,none,context_final_box_angle_deg,-19.262873936279163
2,Bf_U3,/u/home/llim/FMPCC/FM-PCC/logs/d3il_visual_aligning_baseline/_DA_VA_BRIDGE_d3il_baseline_Bf_U3/d3il_baseline_ddpm_encdec_vision__Bf_U3,,20260620_210858,4,d3il_baseline,test,none,context_final_box_xy_x,0.5844243986862082
2,Bf_U3,/u/home/llim/FMPCC/FM-PCC/logs/d3il_visual_aligning_baseline/_DA_VA_BRIDGE_d3il_baseline_Bf_U3/d3il_baseline_ddpm_encdec_vision__Bf_U3,,20260620_210858,4,d3il_baseline,test,none,context_final_box_xy_y,0.19385273305015047
2,Bf_U3,/u/home/llim/FMPCC/FM-PCC/logs/d3il_visual_aligning_baseline/_DA_VA_BRIDGE_d3il_baseline_Bf_U3/d3il_baseline_ddpm_encdec_vision__Bf_U3,,20260620_210858,4,d3il_baseline,test,none,context_final_xy_dist,0.3680485002355683
2,Bf_U3,/u/home/llim/FMPCC/FM-PCC/logs/d3il_visual_aligning_baseline/_DA_VA_BRIDGE_d3il_baseline_Bf_U3/d3il_baseline_ddpm_encdec_vision__Bf_U3,,20260620_210858,4,d3il_baseline,test,none,context_index,12.473233404710921
2,Bf_U3,/u/home/llim/FMPCC/FM-PCC/logs/d3il_visual_aligning_baseline/_DA_VA_BRIDGE_d3il_baseline_Bf_U3/d3il_baseline_ddpm_encdec_vision__Bf_U3,,20260620_210858,4,d3il_baseline,test,none,context_init_xy_dist,0.44608924558637486
2,Bf_U3,/u/home/llim/FMPCC/FM-PCC/logs/d3il_visual_aligning_baseline/_DA_VA_BRIDGE_d3il_baseline_Bf_U3/d3il_baseline_ddpm_encdec_vision__Bf_U3,,20260620_210858,4,d3il_baseline,test,none,context_target_angle_deg,1.8827537601969226
2,Bf_U3,/u/home/llim/FMPCC/FM-PCC/logs/d3il_visual_aligning_baseline/_DA_VA_BRIDGE_d3il_baseline_Bf_U3/d3il_baseline_ddpm_encdec_vision__Bf_U3,,20260620_210858,4,d3il_baseline,test,none,context_target_xy_x,0.4848638431546009
2,Bf_U3,/u/home/llim/FMPCC/FM-PCC/logs/d3il_visual_aligning_baseline/_DA_VA_BRIDGE_d3il_baseline_Bf_U3/d3il_baseline_ddpm_encdec_vision__Bf_U3,,20260620_210858,4,d3il_baseline,test,none,context_target_xy_y,0.2653091521794076
2,Bf_U3,/u/home/llim/FMPCC/FM-PCC/logs/d3il_visual_aligning_baseline/_DA_VA_BRIDGE_d3il_baseline_Bf_U3/d3il_baseline_ddpm_encdec_vision__Bf_U3,,20260620_210858,4,d3il_baseline,test,none,diagnostics_found,1.0
2,Bf_U3,/u/home/llim/FMPCC/FM-PCC/logs/d3il_visual_aligning_baseline/_DA_VA_BRIDGE_d3il_baseline_Bf_U3/d3il_baseline_ddpm_encdec_vision__Bf_U3,,20260620_210858,4,d3il_baseline,test,none,frozen,0.0
2,Bf_U3,/u/home/llim/FMPCC/FM-PCC/logs/d3il_visual_aligning_baseline/_DA_VA_BRIDGE_d3il_baseline_Bf_U3/d3il_baseline_ddpm_encdec_vision__Bf_U3,,20260620_210858,4,d3il_baseline,test,none,frozen_worst_overlap_m,
2,Bf_U3,/u/home/llim/FMPCC/FM-PCC/logs/d3il_visual_aligning_baseline/_DA_VA_BRIDGE_d3il_baseline_Bf_U3/d3il_baseline_ddpm_encdec_vision__Bf_U3,,20260620_210858,4,d3il_baseline,test,none,mode_encoding,0.4989293361884368
2,Bf_U3,/u/home/llim/FMPCC/FM-PCC/logs/d3il_visual_aligning_baseline/_DA_VA_BRIDGE_d3il_baseline_Bf_U3/d3il_baseline_ddpm_encdec_vision__Bf_U3,,20260620_210858,4,d3il_baseline,test,none,success_strict,0.008565310492505354
2,Bf_U3,/u/home/llim/FMPCC/FM-PCC/logs/d3il_visual_aligning_baseline/_DA_VA_BRIDGE_d3il_baseline_Bf_U3/d3il_baseline_ddpm_encdec_vision__Bf_U3,,20260620_210858,4,d3il_baseline,test,none,total_violations,
2,Bf_U3,/u/home/llim/FMPCC/FM-PCC/logs/d3il_visual_aligning_baseline/_DA_VA_BRIDGE_d3il_baseline_Bf_U3/d3il_baseline_ddpm_encdec_vision__Bf_U3,,20260620_215600,42,d3il_baseline,test,none,n_success,0.0
2,Bf_U3,/u/home/llim/FMPCC/FM-PCC/logs/d3il_visual_aligning_baseline/_DA_VA_BRIDGE_d3il_baseline_Bf_U3/d3il_baseline_ddpm_encdec_vision__Bf_U3,,20260620_215600,42,d3il_baseline,test,none,n_success_and_constraints,
2,Bf_U3,/u/home/llim/FMPCC/FM-PCC/logs/d3il_visual_aligning_baseline/_DA_VA_BRIDGE_d3il_baseline_Bf_U3/d3il_baseline_ddpm_encdec_vision__Bf_U3,,20260620_215600,42,d3il_baseline,test,none,mean_dist_per_rollout,0.3997672197798684
2,Bf_U3,/u/home/llim/FMPCC/FM-PCC/logs/d3il_visual_aligning_baseline/_DA_VA_BRIDGE_d3il_baseline_Bf_U3/d3il_baseline_ddpm_encdec_vision__Bf_U3,,20260620_215600,42,d3il_baseline,test,none,n_steps,400.0
2,Bf_U3,/u/home/llim/FMPCC/FM-PCC/logs/d3il_visual_aligning_baseline/_DA_VA_BRIDGE_d3il_baseline_Bf_U3/d3il_baseline_ddpm_encdec_vision__Bf_U3,,20260620_215600,42,d3il_baseline,test,none,avg_time,
2,Bf_U3,/u/home/llim/FMPCC/FM-PCC/logs/d3il_visual_aligning_baseline/_DA_VA_BRIDGE_d3il_baseline_Bf_U3/d3il_baseline_ddpm_encdec_vision__Bf_U3,,20260620_215600,42,d3il_baseline,test,none,avg_time_ms,
2,Bf_U3,/u/home/llim/FMPCC/FM-PCC/logs/d3il_visual_aligning_baseline/_DA_VA_BRIDGE_d3il_baseline_Bf_U3/d3il_baseline_ddpm_encdec_vision__Bf_U3,,20260620_215600,42,d3il_baseline,test,none,context_box_angle_deg,-27.952806922105644
2,Bf_U3,/u/home/llim/FMPCC/FM-PCC/logs/d3il_visual_aligning_baseline/_DA_VA_BRIDGE_d3il_baseline_Bf_U3/d3il_baseline_ddpm_encdec_vision__Bf_U3,,20260620_215600,42,d3il_baseline,test,none,context_box_init_xy_x,0.5261090019574532
2,Bf_U3,/u/home/llim/FMPCC/FM-PCC/logs/d3il_visual_aligning_baseline/_DA_VA_BRIDGE_d3il_baseline_Bf_U3/d3il_baseline_ddpm_encdec_vision__Bf_U3,,20260620_215600,42,d3il_baseline,test,none,context_box_init_xy_y,-0.17231870557253176
2,Bf_U3,/u/home/llim/FMPCC/FM-PCC/logs/d3il_visual_aligning_baseline/_DA_VA_BRIDGE_d3il_baseline_Bf_U3/d3il_baseline_ddpm_encdec_vision__Bf_U3,,20260620_215600,42,d3il_baseline,test,none,context_final_box_angle_deg,-30.766817744122083
2,Bf_U3,/u/home/llim/FMPCC/FM-PCC/logs/d3il_visual_aligning_baseline/_DA_VA_BRIDGE_d3il_baseline_Bf_U3/d3il_baseline_ddpm_encdec_vision__Bf_U3,,20260620_215600,42,d3il_baseline,test,none,context_final_box_xy_x,0.5445293327346725
2,Bf_U3,/u/home/llim/FMPCC/FM-PCC/logs/d3il_visual_aligning_baseline/_DA_VA_BRIDGE_d3il_baseline_Bf_U3/d3il_baseline_ddpm_encdec_vision__Bf_U3,,20260620_215600,42,d3il_baseline,test,none,context_final_box_xy_y,-0.07736063348772607
2,Bf_U3,/u/home/llim/FMPCC/FM-PCC/logs/d3il_visual_aligning_baseline/_DA_VA_BRIDGE_d3il_baseline_Bf_U3/d3il_baseline_ddpm_encdec_vision__Bf_U3,,20260620_215600,42,d3il_baseline,test,none,context_final_xy_dist,0.41048930102845504
2,Bf_U3,/u/home/llim/FMPCC/FM-PCC/logs/d3il_visual_aligning_baseline/_DA_VA_BRIDGE_d3il_baseline_Bf_U3/d3il_baseline_ddpm_encdec_vision__Bf_U3,,20260620_215600,42,d3il_baseline,test,none,context_index,12.5
2,Bf_U3,/u/home/llim/FMPCC/FM-PCC/logs/d3il_visual_aligning_baseline/_DA_VA_BRIDGE_d3il_baseline_Bf_U3/d3il_baseline_ddpm_encdec_vision__Bf_U3,,20260620_215600,42,d3il_baseline,test,none,context_init_xy_dist,0.4459395007445262
2,Bf_U3,/u/home/llim/FMPCC/FM-PCC/logs/d3il_visual_aligning_baseline/_DA_VA_BRIDGE_d3il_baseline_Bf_U3/d3il_baseline_ddpm_encdec_vision__Bf_U3,,20260620_215600,42,d3il_baseline,test,none,context_target_angle_deg,2.00029233785776
2,Bf_U3,/u/home/llim/FMPCC/FM-PCC/logs/d3il_visual_aligning_baseline/_DA_VA_BRIDGE_d3il_baseline_Bf_U3/d3il_baseline_ddpm_encdec_vision__Bf_U3,,20260620_215600,42,d3il_baseline,test,none,context_target_xy_x,0.48472088460738844
2,Bf_U3,/u/home/llim/FMPCC/FM-PCC/logs/d3il_visual_aligning_baseline/_DA_VA_BRIDGE_d3il_baseline_Bf_U3/d3il_baseline_ddpm_encdec_vision__Bf_U3,,20260620_215600,42,d3il_baseline,test,none,context_target_xy_y,0.265205795948322
2,Bf_U3,/u/home/llim/FMPCC/FM-PCC/logs/d3il_visual_aligning_baseline/_DA_VA_BRIDGE_d3il_baseline_Bf_U3/d3il_baseline_ddpm_encdec_vision__Bf_U3,,20260620_215600,42,d3il_baseline,test,none,diagnostics_found,1.0
2,Bf_U3,/u/home/llim/FMPCC/FM-PCC/logs/d3il_visual_aligning_baseline/_DA_VA_BRIDGE_d3il_baseline_Bf_U3/d3il_baseline_ddpm_encdec_vision__Bf_U3,,20260620_215600,42,d3il_baseline,test,none,frozen,0.0
2,Bf_U3,/u/home/llim/FMPCC/FM-PCC/logs/d3il_visual_aligning_baseline/_DA_VA_BRIDGE_d3il_baseline_Bf_U3/d3il_baseline_ddpm_encdec_vision__Bf_U3,,20260620_215600,42,d3il_baseline,test,none,frozen_worst_overlap_m,
2,Bf_U3,/u/home/llim/FMPCC/FM-PCC/logs/d3il_visual_aligning_baseline/_DA_VA_BRIDGE_d3il_baseline_Bf_U3/d3il_baseline_ddpm_encdec_vision__Bf_U3,,20260620_215600,42,d3il_baseline,test,none,mode_encoding,0.8504273504273504
2,Bf_U3,/u/home/llim/FMPCC/FM-PCC/logs/d3il_visual_aligning_baseline/_DA_VA_BRIDGE_d3il_baseline_Bf_U3/d3il_baseline_ddpm_encdec_vision__Bf_U3,,20260620_215600,42,d3il_baseline,test,none,success_strict,0.0
2,Bf_U3,/u/home/llim/FMPCC/FM-PCC/logs/d3il_visual_aligning_baseline/_DA_VA_BRIDGE_d3il_baseline_Bf_U3/d3il_baseline_ddpm_encdec_vision__Bf_U3,,20260620_215600,42,d3il_baseline,test,none,total_violations,
