Candidate,FolderName,FullPath,variant,metric,mean,std,n,min,max
A,H8_K100_Meuler_T0.5_Dfm_visual_aligning.models.visual_gaussian_diffusion.VisualGaussianDiffusion_VTrue_mpc4,/data/home/llim/FMPCC/FM-PCC/logs/aligning-d3il-visual/plans/fm_visual_aligning/H8_Dfm_visual_aligning.models.visual_gaussian_diffusion.VisualGaussianDiffusion_a1.5_b1.0_aw1_VTrue_steps1000_bs64/H8_K100_Meuler_T0.5_Dfm_visual_aligning.models.visual_gaussian_diffusion.VisualGaussianDiffusion_VTrue_mpc4,diffuser,n_success,0.0,0.0,2,0.0,0.0
A,H8_K100_Meuler_T0.5_Dfm_visual_aligning.models.visual_gaussian_diffusion.VisualGaussianDiffusion_VTrue_mpc4,/data/home/llim/FMPCC/FM-PCC/logs/aligning-d3il-visual/plans/fm_visual_aligning/H8_Dfm_visual_aligning.models.visual_gaussian_diffusion.VisualGaussianDiffusion_a1.5_b1.0_aw1_VTrue_steps1000_bs64/H8_K100_Meuler_T0.5_Dfm_visual_aligning.models.visual_gaussian_diffusion.VisualGaussianDiffusion_VTrue_mpc4,diffuser,success_rate,0.0,0.0,1,0.0,0.0
A,H8_K100_Meuler_T0.5_Dfm_visual_aligning.models.visual_gaussian_diffusion.VisualGaussianDiffusion_VTrue_mpc4,/data/home/llim/FMPCC/FM-PCC/logs/aligning-d3il-visual/plans/fm_visual_aligning/H8_Dfm_visual_aligning.models.visual_gaussian_diffusion.VisualGaussianDiffusion_a1.5_b1.0_aw1_VTrue_steps1000_bs64/H8_K100_Meuler_T0.5_Dfm_visual_aligning.models.visual_gaussian_diffusion.VisualGaussianDiffusion_VTrue_mpc4,diffuser,n_steps,400.0,0.0,2,400.0,400.0
A,H8_K100_Meuler_T0.5_Dfm_visual_aligning.models.visual_gaussian_diffusion.VisualGaussianDiffusion_VTrue_mpc4,/data/home/llim/FMPCC/FM-PCC/logs/aligning-d3il-visual/plans/fm_visual_aligning/H8_Dfm_visual_aligning.models.visual_gaussian_diffusion.VisualGaussianDiffusion_a1.5_b1.0_aw1_VTrue_steps1000_bs64/H8_K100_Meuler_T0.5_Dfm_visual_aligning.models.visual_gaussian_diffusion.VisualGaussianDiffusion_VTrue_mpc4,diffuser,avg_time,1.4270341396331787,0.000535428524017334,2,1.4264987707138062,1.4275696277618408
A,H8_K100_Meuler_T0.5_Dfm_visual_aligning.models.visual_gaussian_diffusion.VisualGaussianDiffusion_VTrue_mpc4,/data/home/llim/FMPCC/FM-PCC/logs/aligning-d3il-visual/plans/fm_visual_aligning/H8_Dfm_visual_aligning.models.visual_gaussian_diffusion.VisualGaussianDiffusion_a1.5_b1.0_aw1_VTrue_steps1000_bs64/H8_K100_Meuler_T0.5_Dfm_visual_aligning.models.visual_gaussian_diffusion.VisualGaussianDiffusion_VTrue_mpc4,diffuser,mean_dist_per_rollout,0.36011362075805664,0.047403112053871155,2,0.3127105236053467,0.407516747713089
A,H8_K100_Meuler_T0.5_Dfm_visual_aligning.models.visual_gaussian_diffusion.VisualGaussianDiffusion_VTrue_mpc4,/data/home/llim/FMPCC/FM-PCC/logs/aligning-d3il-visual/plans/fm_visual_aligning/H8_Dfm_visual_aligning.models.visual_gaussian_diffusion.VisualGaussianDiffusion_a1.5_b1.0_aw1_VTrue_steps1000_bs64/H8_K100_Meuler_T0.5_Dfm_visual_aligning.models.visual_gaussian_diffusion.VisualGaussianDiffusion_VTrue_mpc4,diffuser,max_phys_error_per_rollout,1.1242966651916504,1.080214262008667,2,0.0440823994576931,2.2045109272003174
A,H8_K100_Meuler_T0.5_Dfm_visual_aligning.models.visual_gaussian_diffusion.VisualGaussianDiffusion_VTrue_mpc4,/data/home/llim/FMPCC/FM-PCC/logs/aligning-d3il-visual/plans/fm_visual_aligning/H8_Dfm_visual_aligning.models.visual_gaussian_diffusion.VisualGaussianDiffusion_a1.5_b1.0_aw1_VTrue_steps1000_bs64/H8_K100_Meuler_T0.5_Dfm_visual_aligning.models.visual_gaussian_diffusion.VisualGaussianDiffusion_VTrue_mpc4,diffuser,context_init_xy_dist,0.5134692788124084,0.02982024848461151,2,0.48364904522895813,0.5432895421981812
A,H8_K100_Meuler_T0.5_Dfm_visual_aligning.models.visual_gaussian_diffusion.VisualGaussianDiffusion_VTrue_mpc4,/data/home/llim/FMPCC/FM-PCC/logs/aligning-d3il-visual/plans/fm_visual_aligning/H8_Dfm_visual_aligning.models.visual_gaussian_diffusion.VisualGaussianDiffusion_a1.5_b1.0_aw1_VTrue_steps1000_bs64/H8_K100_Meuler_T0.5_Dfm_visual_aligning.models.visual_gaussian_diffusion.VisualGaussianDiffusion_VTrue_mpc4,diffuser,context_box_angle_deg,-62.25798797607422,18.744401931762695,2,-81.00238800048828,-43.51358413696289
A,H8_K100_Meuler_T0.5_Dfm_visual_aligning.models.visual_gaussian_diffusion.VisualGaussianDiffusion_VTrue_mpc4,/data/home/llim/FMPCC/FM-PCC/logs/aligning-d3il-visual/plans/fm_visual_aligning/H8_Dfm_visual_aligning.models.visual_gaussian_diffusion.VisualGaussianDiffusion_a1.5_b1.0_aw1_VTrue_steps1000_bs64/H8_K100_Meuler_T0.5_Dfm_visual_aligning.models.visual_gaussian_diffusion.VisualGaussianDiffusion_VTrue_mpc4,diffuser,context_target_angle_deg,-9.33845329284668,48.944740295410156,2,-58.2831916809082,39.606285095214844
A,H8_K100_Meuler_T0.5_Dfm_visual_aligning.models.visual_gaussian_diffusion.VisualGaussianDiffusion_VTrue_mpc4,/data/home/llim/FMPCC/FM-PCC/logs/aligning-d3il-visual/plans/fm_visual_aligning/H8_Dfm_visual_aligning.models.visual_gaussian_diffusion.VisualGaussianDiffusion_a1.5_b1.0_aw1_VTrue_steps1000_bs64/H8_K100_Meuler_T0.5_Dfm_visual_aligning.models.visual_gaussian_diffusion.VisualGaussianDiffusion_VTrue_mpc4,dpcc-c,n_success,0.0,0.0,2,0.0,0.0
A,H8_K100_Meuler_T0.5_Dfm_visual_aligning.models.visual_gaussian_diffusion.VisualGaussianDiffusion_VTrue_mpc4,/data/home/llim/FMPCC/FM-PCC/logs/aligning-d3il-visual/plans/fm_visual_aligning/H8_Dfm_visual_aligning.models.visual_gaussian_diffusion.VisualGaussianDiffusion_a1.5_b1.0_aw1_VTrue_steps1000_bs64/H8_K100_Meuler_T0.5_Dfm_visual_aligning.models.visual_gaussian_diffusion.VisualGaussianDiffusion_VTrue_mpc4,dpcc-c,success_rate,0.0,0.0,1,0.0,0.0
A,H8_K100_Meuler_T0.5_Dfm_visual_aligning.models.visual_gaussian_diffusion.VisualGaussianDiffusion_VTrue_mpc4,/data/home/llim/FMPCC/FM-PCC/logs/aligning-d3il-visual/plans/fm_visual_aligning/H8_Dfm_visual_aligning.models.visual_gaussian_diffusion.VisualGaussianDiffusion_a1.5_b1.0_aw1_VTrue_steps1000_bs64/H8_K100_Meuler_T0.5_Dfm_visual_aligning.models.visual_gaussian_diffusion.VisualGaussianDiffusion_VTrue_mpc4,dpcc-c,n_steps,400.0,0.0,2,400.0,400.0
A,H8_K100_Meuler_T0.5_Dfm_visual_aligning.models.visual_gaussian_diffusion.VisualGaussianDiffusion_VTrue_mpc4,/data/home/llim/FMPCC/FM-PCC/logs/aligning-d3il-visual/plans/fm_visual_aligning/H8_Dfm_visual_aligning.models.visual_gaussian_diffusion.VisualGaussianDiffusion_a1.5_b1.0_aw1_VTrue_steps1000_bs64/H8_K100_Meuler_T0.5_Dfm_visual_aligning.models.visual_gaussian_diffusion.VisualGaussianDiffusion_VTrue_mpc4,dpcc-c,avg_time,1.4394241571426392,0.002156496047973633,2,1.4372676610946655,1.4415806531906128
A,H8_K100_Meuler_T0.5_Dfm_visual_aligning.models.visual_gaussian_diffusion.VisualGaussianDiffusion_VTrue_mpc4,/data/home/llim/FMPCC/FM-PCC/logs/aligning-d3il-visual/plans/fm_visual_aligning/H8_Dfm_visual_aligning.models.visual_gaussian_diffusion.VisualGaussianDiffusion_a1.5_b1.0_aw1_VTrue_steps1000_bs64/H8_K100_Meuler_T0.5_Dfm_visual_aligning.models.visual_gaussian_diffusion.VisualGaussianDiffusion_VTrue_mpc4,dpcc-c,mean_dist_per_rollout,0.4755541980266571,0.16284367442131042,2,0.3127105236053467,0.6383978724479675
A,H8_K100_Meuler_T0.5_Dfm_visual_aligning.models.visual_gaussian_diffusion.VisualGaussianDiffusion_VTrue_mpc4,/data/home/llim/FMPCC/FM-PCC/logs/aligning-d3il-visual/plans/fm_visual_aligning/H8_Dfm_visual_aligning.models.visual_gaussian_diffusion.VisualGaussianDiffusion_a1.5_b1.0_aw1_VTrue_steps1000_bs64/H8_K100_Meuler_T0.5_Dfm_visual_aligning.models.visual_gaussian_diffusion.VisualGaussianDiffusion_VTrue_mpc4,dpcc-c,max_phys_error_per_rollout,0.9779186248779297,0.9087023735046387,2,0.06921625882387161,1.8866209983825684
A,H8_K100_Meuler_T0.5_Dfm_visual_aligning.models.visual_gaussian_diffusion.VisualGaussianDiffusion_VTrue_mpc4,/data/home/llim/FMPCC/FM-PCC/logs/aligning-d3il-visual/plans/fm_visual_aligning/H8_Dfm_visual_aligning.models.visual_gaussian_diffusion.VisualGaussianDiffusion_a1.5_b1.0_aw1_VTrue_steps1000_bs64/H8_K100_Meuler_T0.5_Dfm_visual_aligning.models.visual_gaussian_diffusion.VisualGaussianDiffusion_VTrue_mpc4,dpcc-c,context_init_xy_dist,0.5134692788124084,0.02982024848461151,2,0.48364904522895813,0.5432895421981812
A,H8_K100_Meuler_T0.5_Dfm_visual_aligning.models.visual_gaussian_diffusion.VisualGaussianDiffusion_VTrue_mpc4,/data/home/llim/FMPCC/FM-PCC/logs/aligning-d3il-visual/plans/fm_visual_aligning/H8_Dfm_visual_aligning.models.visual_gaussian_diffusion.VisualGaussianDiffusion_a1.5_b1.0_aw1_VTrue_steps1000_bs64/H8_K100_Meuler_T0.5_Dfm_visual_aligning.models.visual_gaussian_diffusion.VisualGaussianDiffusion_VTrue_mpc4,dpcc-c,context_box_angle_deg,-62.25798797607422,18.744401931762695,2,-81.00238800048828,-43.51358413696289
A,H8_K100_Meuler_T0.5_Dfm_visual_aligning.models.visual_gaussian_diffusion.VisualGaussianDiffusion_VTrue_mpc4,/data/home/llim/FMPCC/FM-PCC/logs/aligning-d3il-visual/plans/fm_visual_aligning/H8_Dfm_visual_aligning.models.visual_gaussian_diffusion.VisualGaussianDiffusion_a1.5_b1.0_aw1_VTrue_steps1000_bs64/H8_K100_Meuler_T0.5_Dfm_visual_aligning.models.visual_gaussian_diffusion.VisualGaussianDiffusion_VTrue_mpc4,dpcc-c,context_target_angle_deg,-9.33845329284668,48.944740295410156,2,-58.2831916809082,39.606285095214844
A,H8_K100_Meuler_T0.5_Dfm_visual_aligning.models.visual_gaussian_diffusion.VisualGaussianDiffusion_VTrue_mpc4,/data/home/llim/FMPCC/FM-PCC/logs/aligning-d3il-visual/plans/fm_visual_aligning/H8_Dfm_visual_aligning.models.visual_gaussian_diffusion.VisualGaussianDiffusion_a1.5_b1.0_aw1_VTrue_steps1000_bs64/H8_K100_Meuler_T0.5_Dfm_visual_aligning.models.visual_gaussian_diffusion.VisualGaussianDiffusion_VTrue_mpc4,dpcc-r,n_success,0.0,0.0,2,0.0,0.0
A,H8_K100_Meuler_T0.5_Dfm_visual_aligning.models.visual_gaussian_diffusion.VisualGaussianDiffusion_VTrue_mpc4,/data/home/llim/FMPCC/FM-PCC/logs/aligning-d3il-visual/plans/fm_visual_aligning/H8_Dfm_visual_aligning.models.visual_gaussian_diffusion.VisualGaussianDiffusion_a1.5_b1.0_aw1_VTrue_steps1000_bs64/H8_K100_Meuler_T0.5_Dfm_visual_aligning.models.visual_gaussian_diffusion.VisualGaussianDiffusion_VTrue_mpc4,dpcc-r,success_rate,0.0,0.0,1,0.0,0.0
A,H8_K100_Meuler_T0.5_Dfm_visual_aligning.models.visual_gaussian_diffusion.VisualGaussianDiffusion_VTrue_mpc4,/data/home/llim/FMPCC/FM-PCC/logs/aligning-d3il-visual/plans/fm_visual_aligning/H8_Dfm_visual_aligning.models.visual_gaussian_diffusion.VisualGaussianDiffusion_a1.5_b1.0_aw1_VTrue_steps1000_bs64/H8_K100_Meuler_T0.5_Dfm_visual_aligning.models.visual_gaussian_diffusion.VisualGaussianDiffusion_VTrue_mpc4,dpcc-r,n_steps,400.0,0.0,2,400.0,400.0
A,H8_K100_Meuler_T0.5_Dfm_visual_aligning.models.visual_gaussian_diffusion.VisualGaussianDiffusion_VTrue_mpc4,/data/home/llim/FMPCC/FM-PCC/logs/aligning-d3il-visual/plans/fm_visual_aligning/H8_Dfm_visual_aligning.models.visual_gaussian_diffusion.VisualGaussianDiffusion_a1.5_b1.0_aw1_VTrue_steps1000_bs64/H8_K100_Meuler_T0.5_Dfm_visual_aligning.models.visual_gaussian_diffusion.VisualGaussianDiffusion_VTrue_mpc4,dpcc-r,avg_time,1.4384937286376953,0.0017966628074645996,2,1.4366971254348755,1.4402904510498047
A,H8_K100_Meuler_T0.5_Dfm_visual_aligning.models.visual_gaussian_diffusion.VisualGaussianDiffusion_VTrue_mpc4,/data/home/llim/FMPCC/FM-PCC/logs/aligning-d3il-visual/plans/fm_visual_aligning/H8_Dfm_visual_aligning.models.visual_gaussian_diffusion.VisualGaussianDiffusion_a1.5_b1.0_aw1_VTrue_steps1000_bs64/H8_K100_Meuler_T0.5_Dfm_visual_aligning.models.visual_gaussian_diffusion.VisualGaussianDiffusion_VTrue_mpc4,dpcc-r,mean_dist_per_rollout,0.4755541980266571,0.16284367442131042,2,0.3127105236053467,0.6383978724479675
A,H8_K100_Meuler_T0.5_Dfm_visual_aligning.models.visual_gaussian_diffusion.VisualGaussianDiffusion_VTrue_mpc4,/data/home/llim/FMPCC/FM-PCC/logs/aligning-d3il-visual/plans/fm_visual_aligning/H8_Dfm_visual_aligning.models.visual_gaussian_diffusion.VisualGaussianDiffusion_a1.5_b1.0_aw1_VTrue_steps1000_bs64/H8_K100_Meuler_T0.5_Dfm_visual_aligning.models.visual_gaussian_diffusion.VisualGaussianDiffusion_VTrue_mpc4,dpcc-r,max_phys_error_per_rollout,0.9779186248779297,0.9087023735046387,2,0.06921625882387161,1.8866209983825684
A,H8_K100_Meuler_T0.5_Dfm_visual_aligning.models.visual_gaussian_diffusion.VisualGaussianDiffusion_VTrue_mpc4,/data/home/llim/FMPCC/FM-PCC/logs/aligning-d3il-visual/plans/fm_visual_aligning/H8_Dfm_visual_aligning.models.visual_gaussian_diffusion.VisualGaussianDiffusion_a1.5_b1.0_aw1_VTrue_steps1000_bs64/H8_K100_Meuler_T0.5_Dfm_visual_aligning.models.visual_gaussian_diffusion.VisualGaussianDiffusion_VTrue_mpc4,dpcc-r,context_init_xy_dist,0.5134692788124084,0.02982024848461151,2,0.48364904522895813,0.5432895421981812
A,H8_K100_Meuler_T0.5_Dfm_visual_aligning.models.visual_gaussian_diffusion.VisualGaussianDiffusion_VTrue_mpc4,/data/home/llim/FMPCC/FM-PCC/logs/aligning-d3il-visual/plans/fm_visual_aligning/H8_Dfm_visual_aligning.models.visual_gaussian_diffusion.VisualGaussianDiffusion_a1.5_b1.0_aw1_VTrue_steps1000_bs64/H8_K100_Meuler_T0.5_Dfm_visual_aligning.models.visual_gaussian_diffusion.VisualGaussianDiffusion_VTrue_mpc4,dpcc-r,context_box_angle_deg,-62.25798797607422,18.744401931762695,2,-81.00238800048828,-43.51358413696289
A,H8_K100_Meuler_T0.5_Dfm_visual_aligning.models.visual_gaussian_diffusion.VisualGaussianDiffusion_VTrue_mpc4,/data/home/llim/FMPCC/FM-PCC/logs/aligning-d3il-visual/plans/fm_visual_aligning/H8_Dfm_visual_aligning.models.visual_gaussian_diffusion.VisualGaussianDiffusion_a1.5_b1.0_aw1_VTrue_steps1000_bs64/H8_K100_Meuler_T0.5_Dfm_visual_aligning.models.visual_gaussian_diffusion.VisualGaussianDiffusion_VTrue_mpc4,dpcc-r,context_target_angle_deg,-9.33845329284668,48.944740295410156,2,-58.2831916809082,39.606285095214844
A,H8_K100_Meuler_T0.5_Dfm_visual_aligning.models.visual_gaussian_diffusion.VisualGaussianDiffusion_VTrue_mpc4,/data/home/llim/FMPCC/FM-PCC/logs/aligning-d3il-visual/plans/fm_visual_aligning/H8_Dfm_visual_aligning.models.visual_gaussian_diffusion.VisualGaussianDiffusion_a1.5_b1.0_aw1_VTrue_steps1000_bs64/H8_K100_Meuler_T0.5_Dfm_visual_aligning.models.visual_gaussian_diffusion.VisualGaussianDiffusion_VTrue_mpc4,dpcc-t,n_success,0.0,0.0,2,0.0,0.0
A,H8_K100_Meuler_T0.5_Dfm_visual_aligning.models.visual_gaussian_diffusion.VisualGaussianDiffusion_VTrue_mpc4,/data/home/llim/FMPCC/FM-PCC/logs/aligning-d3il-visual/plans/fm_visual_aligning/H8_Dfm_visual_aligning.models.visual_gaussian_diffusion.VisualGaussianDiffusion_a1.5_b1.0_aw1_VTrue_steps1000_bs64/H8_K100_Meuler_T0.5_Dfm_visual_aligning.models.visual_gaussian_diffusion.VisualGaussianDiffusion_VTrue_mpc4,dpcc-t,success_rate,0.0,0.0,1,0.0,0.0
A,H8_K100_Meuler_T0.5_Dfm_visual_aligning.models.visual_gaussian_diffusion.VisualGaussianDiffusion_VTrue_mpc4,/data/home/llim/FMPCC/FM-PCC/logs/aligning-d3il-visual/plans/fm_visual_aligning/H8_Dfm_visual_aligning.models.visual_gaussian_diffusion.VisualGaussianDiffusion_a1.5_b1.0_aw1_VTrue_steps1000_bs64/H8_K100_Meuler_T0.5_Dfm_visual_aligning.models.visual_gaussian_diffusion.VisualGaussianDiffusion_VTrue_mpc4,dpcc-t,n_steps,400.0,0.0,2,400.0,400.0
A,H8_K100_Meuler_T0.5_Dfm_visual_aligning.models.visual_gaussian_diffusion.VisualGaussianDiffusion_VTrue_mpc4,/data/home/llim/FMPCC/FM-PCC/logs/aligning-d3il-visual/plans/fm_visual_aligning/H8_Dfm_visual_aligning.models.visual_gaussian_diffusion.VisualGaussianDiffusion_a1.5_b1.0_aw1_VTrue_steps1000_bs64/H8_K100_Meuler_T0.5_Dfm_visual_aligning.models.visual_gaussian_diffusion.VisualGaussianDiffusion_VTrue_mpc4,dpcc-t,avg_time,1.438493251800537,0.00030493736267089844,2,1.4381883144378662,1.438798189163208
A,H8_K100_Meuler_T0.5_Dfm_visual_aligning.models.visual_gaussian_diffusion.VisualGaussianDiffusion_VTrue_mpc4,/data/home/llim/FMPCC/FM-PCC/logs/aligning-d3il-visual/plans/fm_visual_aligning/H8_Dfm_visual_aligning.models.visual_gaussian_diffusion.VisualGaussianDiffusion_a1.5_b1.0_aw1_VTrue_steps1000_bs64/H8_K100_Meuler_T0.5_Dfm_visual_aligning.models.visual_gaussian_diffusion.VisualGaussianDiffusion_VTrue_mpc4,dpcc-t,mean_dist_per_rollout,0.37864816188812256,0.17981287837028503,2,0.19883528351783752,0.55846107006073
A,H8_K100_Meuler_T0.5_Dfm_visual_aligning.models.visual_gaussian_diffusion.VisualGaussianDiffusion_VTrue_mpc4,/data/home/llim/FMPCC/FM-PCC/logs/aligning-d3il-visual/plans/fm_visual_aligning/H8_Dfm_visual_aligning.models.visual_gaussian_diffusion.VisualGaussianDiffusion_a1.5_b1.0_aw1_VTrue_steps1000_bs64/H8_K100_Meuler_T0.5_Dfm_visual_aligning.models.visual_gaussian_diffusion.VisualGaussianDiffusion_VTrue_mpc4,dpcc-t,max_phys_error_per_rollout,1.0708999633789062,0.9760060906410217,2,0.09489382058382034,2.046905994415283
A,H8_K100_Meuler_T0.5_Dfm_visual_aligning.models.visual_gaussian_diffusion.VisualGaussianDiffusion_VTrue_mpc4,/data/home/llim/FMPCC/FM-PCC/logs/aligning-d3il-visual/plans/fm_visual_aligning/H8_Dfm_visual_aligning.models.visual_gaussian_diffusion.VisualGaussianDiffusion_a1.5_b1.0_aw1_VTrue_steps1000_bs64/H8_K100_Meuler_T0.5_Dfm_visual_aligning.models.visual_gaussian_diffusion.VisualGaussianDiffusion_VTrue_mpc4,dpcc-t,context_init_xy_dist,0.5134692788124084,0.02982024848461151,2,0.48364904522895813,0.5432895421981812
A,H8_K100_Meuler_T0.5_Dfm_visual_aligning.models.visual_gaussian_diffusion.VisualGaussianDiffusion_VTrue_mpc4,/data/home/llim/FMPCC/FM-PCC/logs/aligning-d3il-visual/plans/fm_visual_aligning/H8_Dfm_visual_aligning.models.visual_gaussian_diffusion.VisualGaussianDiffusion_a1.5_b1.0_aw1_VTrue_steps1000_bs64/H8_K100_Meuler_T0.5_Dfm_visual_aligning.models.visual_gaussian_diffusion.VisualGaussianDiffusion_VTrue_mpc4,dpcc-t,context_box_angle_deg,-62.25798797607422,18.744401931762695,2,-81.00238800048828,-43.51358413696289
A,H8_K100_Meuler_T0.5_Dfm_visual_aligning.models.visual_gaussian_diffusion.VisualGaussianDiffusion_VTrue_mpc4,/data/home/llim/FMPCC/FM-PCC/logs/aligning-d3il-visual/plans/fm_visual_aligning/H8_Dfm_visual_aligning.models.visual_gaussian_diffusion.VisualGaussianDiffusion_a1.5_b1.0_aw1_VTrue_steps1000_bs64/H8_K100_Meuler_T0.5_Dfm_visual_aligning.models.visual_gaussian_diffusion.VisualGaussianDiffusion_VTrue_mpc4,dpcc-t,context_target_angle_deg,-9.33845329284668,48.944740295410156,2,-58.2831916809082,39.606285095214844
A,H8_K100_Meuler_T0.5_Dfm_visual_aligning.models.visual_gaussian_diffusion.VisualGaussianDiffusion_VTrue_mpc4,/data/home/llim/FMPCC/FM-PCC/logs/aligning-d3il-visual/plans/fm_visual_aligning/H8_Dfm_visual_aligning.models.visual_gaussian_diffusion.VisualGaussianDiffusion_a1.5_b1.0_aw1_VTrue_steps1000_bs64/H8_K100_Meuler_T0.5_Dfm_visual_aligning.models.visual_gaussian_diffusion.VisualGaussianDiffusion_VTrue_mpc4,gradient,n_success,0.0,0.0,2,0.0,0.0
A,H8_K100_Meuler_T0.5_Dfm_visual_aligning.models.visual_gaussian_diffusion.VisualGaussianDiffusion_VTrue_mpc4,/data/home/llim/FMPCC/FM-PCC/logs/aligning-d3il-visual/plans/fm_visual_aligning/H8_Dfm_visual_aligning.models.visual_gaussian_diffusion.VisualGaussianDiffusion_a1.5_b1.0_aw1_VTrue_steps1000_bs64/H8_K100_Meuler_T0.5_Dfm_visual_aligning.models.visual_gaussian_diffusion.VisualGaussianDiffusion_VTrue_mpc4,gradient,success_rate,0.0,0.0,1,0.0,0.0
A,H8_K100_Meuler_T0.5_Dfm_visual_aligning.models.visual_gaussian_diffusion.VisualGaussianDiffusion_VTrue_mpc4,/data/home/llim/FMPCC/FM-PCC/logs/aligning-d3il-visual/plans/fm_visual_aligning/H8_Dfm_visual_aligning.models.visual_gaussian_diffusion.VisualGaussianDiffusion_a1.5_b1.0_aw1_VTrue_steps1000_bs64/H8_K100_Meuler_T0.5_Dfm_visual_aligning.models.visual_gaussian_diffusion.VisualGaussianDiffusion_VTrue_mpc4,gradient,n_steps,400.0,0.0,2,400.0,400.0
A,H8_K100_Meuler_T0.5_Dfm_visual_aligning.models.visual_gaussian_diffusion.VisualGaussianDiffusion_VTrue_mpc4,/data/home/llim/FMPCC/FM-PCC/logs/aligning-d3il-visual/plans/fm_visual_aligning/H8_Dfm_visual_aligning.models.visual_gaussian_diffusion.VisualGaussianDiffusion_a1.5_b1.0_aw1_VTrue_steps1000_bs64/H8_K100_Meuler_T0.5_Dfm_visual_aligning.models.visual_gaussian_diffusion.VisualGaussianDiffusion_VTrue_mpc4,gradient,avg_time,1.4379991292953491,0.002439260482788086,2,1.435559868812561,1.4404383897781372
A,H8_K100_Meuler_T0.5_Dfm_visual_aligning.models.visual_gaussian_diffusion.VisualGaussianDiffusion_VTrue_mpc4,/data/home/llim/FMPCC/FM-PCC/logs/aligning-d3il-visual/plans/fm_visual_aligning/H8_Dfm_visual_aligning.models.visual_gaussian_diffusion.VisualGaussianDiffusion_a1.5_b1.0_aw1_VTrue_steps1000_bs64/H8_K100_Meuler_T0.5_Dfm_visual_aligning.models.visual_gaussian_diffusion.VisualGaussianDiffusion_VTrue_mpc4,gradient,mean_dist_per_rollout,0.4755541980266571,0.16284367442131042,2,0.3127105236053467,0.6383978724479675
A,H8_K100_Meuler_T0.5_Dfm_visual_aligning.models.visual_gaussian_diffusion.VisualGaussianDiffusion_VTrue_mpc4,/data/home/llim/FMPCC/FM-PCC/logs/aligning-d3il-visual/plans/fm_visual_aligning/H8_Dfm_visual_aligning.models.visual_gaussian_diffusion.VisualGaussianDiffusion_a1.5_b1.0_aw1_VTrue_steps1000_bs64/H8_K100_Meuler_T0.5_Dfm_visual_aligning.models.visual_gaussian_diffusion.VisualGaussianDiffusion_VTrue_mpc4,gradient,max_phys_error_per_rollout,0.9762166738510132,0.9070004224777222,2,0.06921625882387161,1.8832170963287354
A,H8_K100_Meuler_T0.5_Dfm_visual_aligning.models.visual_gaussian_diffusion.VisualGaussianDiffusion_VTrue_mpc4,/data/home/llim/FMPCC/FM-PCC/logs/aligning-d3il-visual/plans/fm_visual_aligning/H8_Dfm_visual_aligning.models.visual_gaussian_diffusion.VisualGaussianDiffusion_a1.5_b1.0_aw1_VTrue_steps1000_bs64/H8_K100_Meuler_T0.5_Dfm_visual_aligning.models.visual_gaussian_diffusion.VisualGaussianDiffusion_VTrue_mpc4,gradient,context_init_xy_dist,0.5134692788124084,0.02982024848461151,2,0.48364904522895813,0.5432895421981812
A,H8_K100_Meuler_T0.5_Dfm_visual_aligning.models.visual_gaussian_diffusion.VisualGaussianDiffusion_VTrue_mpc4,/data/home/llim/FMPCC/FM-PCC/logs/aligning-d3il-visual/plans/fm_visual_aligning/H8_Dfm_visual_aligning.models.visual_gaussian_diffusion.VisualGaussianDiffusion_a1.5_b1.0_aw1_VTrue_steps1000_bs64/H8_K100_Meuler_T0.5_Dfm_visual_aligning.models.visual_gaussian_diffusion.VisualGaussianDiffusion_VTrue_mpc4,gradient,context_box_angle_deg,-62.25798797607422,18.744401931762695,2,-81.00238800048828,-43.51358413696289
A,H8_K100_Meuler_T0.5_Dfm_visual_aligning.models.visual_gaussian_diffusion.VisualGaussianDiffusion_VTrue_mpc4,/data/home/llim/FMPCC/FM-PCC/logs/aligning-d3il-visual/plans/fm_visual_aligning/H8_Dfm_visual_aligning.models.visual_gaussian_diffusion.VisualGaussianDiffusion_a1.5_b1.0_aw1_VTrue_steps1000_bs64/H8_K100_Meuler_T0.5_Dfm_visual_aligning.models.visual_gaussian_diffusion.VisualGaussianDiffusion_VTrue_mpc4,gradient,context_target_angle_deg,-9.33845329284668,48.944740295410156,2,-58.2831916809082,39.606285095214844
A,H8_K100_Meuler_T0.5_Dfm_visual_aligning.models.visual_gaussian_diffusion.VisualGaussianDiffusion_VTrue_mpc4,/data/home/llim/FMPCC/FM-PCC/logs/aligning-d3il-visual/plans/fm_visual_aligning/H8_Dfm_visual_aligning.models.visual_gaussian_diffusion.VisualGaussianDiffusion_a1.5_b1.0_aw1_VTrue_steps1000_bs64/H8_K100_Meuler_T0.5_Dfm_visual_aligning.models.visual_gaussian_diffusion.VisualGaussianDiffusion_VTrue_mpc4,model_free,n_success,0.0,0.0,2,0.0,0.0
A,H8_K100_Meuler_T0.5_Dfm_visual_aligning.models.visual_gaussian_diffusion.VisualGaussianDiffusion_VTrue_mpc4,/data/home/llim/FMPCC/FM-PCC/logs/aligning-d3il-visual/plans/fm_visual_aligning/H8_Dfm_visual_aligning.models.visual_gaussian_diffusion.VisualGaussianDiffusion_a1.5_b1.0_aw1_VTrue_steps1000_bs64/H8_K100_Meuler_T0.5_Dfm_visual_aligning.models.visual_gaussian_diffusion.VisualGaussianDiffusion_VTrue_mpc4,model_free,success_rate,0.0,0.0,1,0.0,0.0
A,H8_K100_Meuler_T0.5_Dfm_visual_aligning.models.visual_gaussian_diffusion.VisualGaussianDiffusion_VTrue_mpc4,/data/home/llim/FMPCC/FM-PCC/logs/aligning-d3il-visual/plans/fm_visual_aligning/H8_Dfm_visual_aligning.models.visual_gaussian_diffusion.VisualGaussianDiffusion_a1.5_b1.0_aw1_VTrue_steps1000_bs64/H8_K100_Meuler_T0.5_Dfm_visual_aligning.models.visual_gaussian_diffusion.VisualGaussianDiffusion_VTrue_mpc4,model_free,n_steps,400.0,0.0,2,400.0,400.0
A,H8_K100_Meuler_T0.5_Dfm_visual_aligning.models.visual_gaussian_diffusion.VisualGaussianDiffusion_VTrue_mpc4,/data/home/llim/FMPCC/FM-PCC/logs/aligning-d3il-visual/plans/fm_visual_aligning/H8_Dfm_visual_aligning.models.visual_gaussian_diffusion.VisualGaussianDiffusion_a1.5_b1.0_aw1_VTrue_steps1000_bs64/H8_K100_Meuler_T0.5_Dfm_visual_aligning.models.visual_gaussian_diffusion.VisualGaussianDiffusion_VTrue_mpc4,model_free,avg_time,1.4386652708053589,0.0036017894744873047,2,1.4350634813308716,1.4422670602798462
A,H8_K100_Meuler_T0.5_Dfm_visual_aligning.models.visual_gaussian_diffusion.VisualGaussianDiffusion_VTrue_mpc4,/data/home/llim/FMPCC/FM-PCC/logs/aligning-d3il-visual/plans/fm_visual_aligning/H8_Dfm_visual_aligning.models.visual_gaussian_diffusion.VisualGaussianDiffusion_a1.5_b1.0_aw1_VTrue_steps1000_bs64/H8_K100_Meuler_T0.5_Dfm_visual_aligning.models.visual_gaussian_diffusion.VisualGaussianDiffusion_VTrue_mpc4,model_free,mean_dist_per_rollout,0.4755541980266571,0.16284367442131042,2,0.3127105236053467,0.6383978724479675
A,H8_K100_Meuler_T0.5_Dfm_visual_aligning.models.visual_gaussian_diffusion.VisualGaussianDiffusion_VTrue_mpc4,/data/home/llim/FMPCC/FM-PCC/logs/aligning-d3il-visual/plans/fm_visual_aligning/H8_Dfm_visual_aligning.models.visual_gaussian_diffusion.VisualGaussianDiffusion_a1.5_b1.0_aw1_VTrue_steps1000_bs64/H8_K100_Meuler_T0.5_Dfm_visual_aligning.models.visual_gaussian_diffusion.VisualGaussianDiffusion_VTrue_mpc4,model_free,max_phys_error_per_rollout,0.9798974990844727,0.9106812477111816,2,0.06921625882387161,1.8905787467956543
A,H8_K100_Meuler_T0.5_Dfm_visual_aligning.models.visual_gaussian_diffusion.VisualGaussianDiffusion_VTrue_mpc4,/data/home/llim/FMPCC/FM-PCC/logs/aligning-d3il-visual/plans/fm_visual_aligning/H8_Dfm_visual_aligning.models.visual_gaussian_diffusion.VisualGaussianDiffusion_a1.5_b1.0_aw1_VTrue_steps1000_bs64/H8_K100_Meuler_T0.5_Dfm_visual_aligning.models.visual_gaussian_diffusion.VisualGaussianDiffusion_VTrue_mpc4,model_free,context_init_xy_dist,0.5134692788124084,0.02982024848461151,2,0.48364904522895813,0.5432895421981812
A,H8_K100_Meuler_T0.5_Dfm_visual_aligning.models.visual_gaussian_diffusion.VisualGaussianDiffusion_VTrue_mpc4,/data/home/llim/FMPCC/FM-PCC/logs/aligning-d3il-visual/plans/fm_visual_aligning/H8_Dfm_visual_aligning.models.visual_gaussian_diffusion.VisualGaussianDiffusion_a1.5_b1.0_aw1_VTrue_steps1000_bs64/H8_K100_Meuler_T0.5_Dfm_visual_aligning.models.visual_gaussian_diffusion.VisualGaussianDiffusion_VTrue_mpc4,model_free,context_box_angle_deg,-62.25798797607422,18.744401931762695,2,-81.00238800048828,-43.51358413696289
A,H8_K100_Meuler_T0.5_Dfm_visual_aligning.models.visual_gaussian_diffusion.VisualGaussianDiffusion_VTrue_mpc4,/data/home/llim/FMPCC/FM-PCC/logs/aligning-d3il-visual/plans/fm_visual_aligning/H8_Dfm_visual_aligning.models.visual_gaussian_diffusion.VisualGaussianDiffusion_a1.5_b1.0_aw1_VTrue_steps1000_bs64/H8_K100_Meuler_T0.5_Dfm_visual_aligning.models.visual_gaussian_diffusion.VisualGaussianDiffusion_VTrue_mpc4,model_free,context_target_angle_deg,-9.33845329284668,48.944740295410156,2,-58.2831916809082,39.606285095214844
A,H8_K100_Meuler_T0.5_Dfm_visual_aligning.models.visual_gaussian_diffusion.VisualGaussianDiffusion_VTrue_mpc4,/data/home/llim/FMPCC/FM-PCC/logs/aligning-d3il-visual/plans/fm_visual_aligning/H8_Dfm_visual_aligning.models.visual_gaussian_diffusion.VisualGaussianDiffusion_a1.5_b1.0_aw1_VTrue_steps1000_bs64/H8_K100_Meuler_T0.5_Dfm_visual_aligning.models.visual_gaussian_diffusion.VisualGaussianDiffusion_VTrue_mpc4,post_processing,n_success,0.0,0.0,2,0.0,0.0
A,H8_K100_Meuler_T0.5_Dfm_visual_aligning.models.visual_gaussian_diffusion.VisualGaussianDiffusion_VTrue_mpc4,/data/home/llim/FMPCC/FM-PCC/logs/aligning-d3il-visual/plans/fm_visual_aligning/H8_Dfm_visual_aligning.models.visual_gaussian_diffusion.VisualGaussianDiffusion_a1.5_b1.0_aw1_VTrue_steps1000_bs64/H8_K100_Meuler_T0.5_Dfm_visual_aligning.models.visual_gaussian_diffusion.VisualGaussianDiffusion_VTrue_mpc4,post_processing,success_rate,0.0,0.0,1,0.0,0.0
A,H8_K100_Meuler_T0.5_Dfm_visual_aligning.models.visual_gaussian_diffusion.VisualGaussianDiffusion_VTrue_mpc4,/data/home/llim/FMPCC/FM-PCC/logs/aligning-d3il-visual/plans/fm_visual_aligning/H8_Dfm_visual_aligning.models.visual_gaussian_diffusion.VisualGaussianDiffusion_a1.5_b1.0_aw1_VTrue_steps1000_bs64/H8_K100_Meuler_T0.5_Dfm_visual_aligning.models.visual_gaussian_diffusion.VisualGaussianDiffusion_VTrue_mpc4,post_processing,n_steps,400.0,0.0,2,400.0,400.0
A,H8_K100_Meuler_T0.5_Dfm_visual_aligning.models.visual_gaussian_diffusion.VisualGaussianDiffusion_VTrue_mpc4,/data/home/llim/FMPCC/FM-PCC/logs/aligning-d3il-visual/plans/fm_visual_aligning/H8_Dfm_visual_aligning.models.visual_gaussian_diffusion.VisualGaussianDiffusion_a1.5_b1.0_aw1_VTrue_steps1000_bs64/H8_K100_Meuler_T0.5_Dfm_visual_aligning.models.visual_gaussian_diffusion.VisualGaussianDiffusion_VTrue_mpc4,post_processing,avg_time,1.442009449005127,8.493664063280448e-05,2,1.4419244527816772,1.442094326019287
A,H8_K100_Meuler_T0.5_Dfm_visual_aligning.models.visual_gaussian_diffusion.VisualGaussianDiffusion_VTrue_mpc4,/data/home/llim/FMPCC/FM-PCC/logs/aligning-d3il-visual/plans/fm_visual_aligning/H8_Dfm_visual_aligning.models.visual_gaussian_diffusion.VisualGaussianDiffusion_a1.5_b1.0_aw1_VTrue_steps1000_bs64/H8_K100_Meuler_T0.5_Dfm_visual_aligning.models.visual_gaussian_diffusion.VisualGaussianDiffusion_VTrue_mpc4,post_processing,mean_dist_per_rollout,0.4755541980266571,0.16284367442131042,2,0.3127105236053467,0.6383978724479675
A,H8_K100_Meuler_T0.5_Dfm_visual_aligning.models.visual_gaussian_diffusion.VisualGaussianDiffusion_VTrue_mpc4,/data/home/llim/FMPCC/FM-PCC/logs/aligning-d3il-visual/plans/fm_visual_aligning/H8_Dfm_visual_aligning.models.visual_gaussian_diffusion.VisualGaussianDiffusion_a1.5_b1.0_aw1_VTrue_steps1000_bs64/H8_K100_Meuler_T0.5_Dfm_visual_aligning.models.visual_gaussian_diffusion.VisualGaussianDiffusion_VTrue_mpc4,post_processing,max_phys_error_per_rollout,0.9762166738510132,0.9070004224777222,2,0.06921625882387161,1.8832170963287354
A,H8_K100_Meuler_T0.5_Dfm_visual_aligning.models.visual_gaussian_diffusion.VisualGaussianDiffusion_VTrue_mpc4,/data/home/llim/FMPCC/FM-PCC/logs/aligning-d3il-visual/plans/fm_visual_aligning/H8_Dfm_visual_aligning.models.visual_gaussian_diffusion.VisualGaussianDiffusion_a1.5_b1.0_aw1_VTrue_steps1000_bs64/H8_K100_Meuler_T0.5_Dfm_visual_aligning.models.visual_gaussian_diffusion.VisualGaussianDiffusion_VTrue_mpc4,post_processing,context_init_xy_dist,0.5134692788124084,0.02982024848461151,2,0.48364904522895813,0.5432895421981812
A,H8_K100_Meuler_T0.5_Dfm_visual_aligning.models.visual_gaussian_diffusion.VisualGaussianDiffusion_VTrue_mpc4,/data/home/llim/FMPCC/FM-PCC/logs/aligning-d3il-visual/plans/fm_visual_aligning/H8_Dfm_visual_aligning.models.visual_gaussian_diffusion.VisualGaussianDiffusion_a1.5_b1.0_aw1_VTrue_steps1000_bs64/H8_K100_Meuler_T0.5_Dfm_visual_aligning.models.visual_gaussian_diffusion.VisualGaussianDiffusion_VTrue_mpc4,post_processing,context_box_angle_deg,-62.25798797607422,18.744401931762695,2,-81.00238800048828,-43.51358413696289
A,H8_K100_Meuler_T0.5_Dfm_visual_aligning.models.visual_gaussian_diffusion.VisualGaussianDiffusion_VTrue_mpc4,/data/home/llim/FMPCC/FM-PCC/logs/aligning-d3il-visual/plans/fm_visual_aligning/H8_Dfm_visual_aligning.models.visual_gaussian_diffusion.VisualGaussianDiffusion_a1.5_b1.0_aw1_VTrue_steps1000_bs64/H8_K100_Meuler_T0.5_Dfm_visual_aligning.models.visual_gaussian_diffusion.VisualGaussianDiffusion_VTrue_mpc4,post_processing,context_target_angle_deg,-9.33845329284668,48.944740295410156,2,-58.2831916809082,39.606285095214844
