model,config,backbone,arm,n_blocks,n_episodes,sc4,sc1,sc4_rate,sc1_rate,sc4_ci,sc1_ci,d_episodes,d_ci_lo,d_ci_hi,p_wilcoxon,p_sign,steps4,steps1,d_steps,p_steps,ms4,ms1,cost_ratio,p_cost
DPCC Gen0,K20/aw10,UNet,diffuser,15,30,3,3,0.1,0.1,"[0.035,0.256]","[0.035,0.256]",0,0.0,0.0,1.0,1.0,67.77,67.77,0.0,1.0,179.34,175.44,1.022,6e-05
DPCC Gen0,K20/aw10,UNet,model_free,15,30,1,1,0.0333,0.0333,"[0.006,0.167]","[0.006,0.167]",0,0.0,0.0,1.0,1.0,67.43,67.03,-0.4,0.5,262.01,198.65,1.319,6e-05
DPCC Gen0,K20/aw10,UNet,dpcc-r,15,30,8,7,0.2667,0.2333,"[0.142,0.444]","[0.118,0.409]",-1,-4.0,2.0,1.0,1.0,75.67,74.0,-1.67,0.46509,488.3,260.8,1.872,6e-05
DPCC Gen0,K20/aw10,UNet,dpcc-c,15,30,18,7,0.6,0.2333,"[0.423,0.754]","[0.118,0.409]",-11,-18.0,-4.0,0.02344,0.03906,71.47,74.0,2.53,0.58984,453.71,261.0,1.738,6e-05
DPCC Gen0,K20/aw10,UNet,dpcc-t,15,30,20,7,0.6667,0.2333,"[0.488,0.808]","[0.118,0.409]",-13,-21.0,-4.0,0.01562,0.06543,73.83,74.0,0.17,0.79291,473.44,260.56,1.817,6e-05
DPCC Gen0,K20/aw10,UNet,dpcc-r-tightened,15,30,29,28,0.9667,0.9333,"[0.833,0.994]","[0.787,0.982]",-1,-4.0,2.0,1.0,1.0,74.67,76.3,1.63,0.22559,573.24,291.31,1.968,6e-05
DPCC Gen0,K20/aw10,UNet,dpcc-c-tightened,15,30,30,28,1.0,0.9333,"[0.886,1.000]","[0.787,0.982]",-2,-5.0,0.0,0.5,0.5,70.13,76.3,6.17,0.01459,553.38,291.14,1.901,6e-05
DPCC Gen0,K20/aw10,UNet,dpcc-t-tightened,15,30,30,28,1.0,0.9333,"[0.886,1.000]","[0.787,0.982]",-2,-5.0,0.0,0.5,0.5,76.13,76.3,0.17,0.55206,563.01,291.43,1.932,6e-05
AlphaFlow,K2/A0.5,SiT,diffuser,15,30,8,8,0.2667,0.2667,"[0.142,0.444]","[0.142,0.444]",0,0.0,0.0,1.0,1.0,62.8,62.8,0.0,1.0,11.93,11.15,1.07,6e-05
AlphaFlow,K2/A0.5,SiT,dpcc-r,15,30,22,22,0.7333,0.7333,"[0.556,0.858]","[0.556,0.858]",0,0.0,0.0,1.0,1.0,73.67,73.47,-0.2,1.0,33.07,16.46,2.009,6e-05
AlphaFlow,K2/A0.5,SiT,dpcc-c,15,30,5,22,0.1667,0.7333,"[0.073,0.336]","[0.556,0.858]",17,10.0,23.0,0.00195,0.00342,182.57,73.47,-109.1,6e-05,18.66,16.45,1.134,0.00836
AlphaFlow,K2/A0.5,SiT,dpcc-t,15,30,24,22,0.8,0.7333,"[0.627,0.905]","[0.556,0.858]",-2,-9.0,6.0,0.78906,0.72656,65.03,73.47,8.43,0.07086,19.63,16.45,1.193,0.00836
AlphaFlow,K2/A0.5,SiT,dpcc-r-tightened,15,30,30,30,1.0,1.0,"[0.886,1.000]","[0.886,1.000]",0,0.0,0.0,1.0,1.0,67.6,67.6,0.0,1.0,19.8,13.33,1.485,6e-05
AlphaFlow,K2/A0.5,SiT,dpcc-c-tightened,15,30,6,30,0.2,1.0,"[0.095,0.373]","[0.886,1.000]",24,18.0,30.0,0.00049,0.00049,181.0,67.6,-113.4,6e-05,18.76,13.34,1.406,6e-05
AlphaFlow,K2/A0.5,SiT,dpcc-t-tightened,15,30,29,30,0.9667,1.0,"[0.833,0.994]","[0.886,1.000]",1,0.0,3.0,1.0,1.0,70.43,67.6,-2.83,0.70892,21.5,13.34,1.612,6e-05
AlphaFlow,K2/A0.5,SiT,hardflow_new-r,15,30,21,21,0.7,0.7,"[0.521,0.833]","[0.521,0.833]",0,0.0,0.0,1.0,1.0,72.13,72.13,0.0,1.0,36.99,31.82,1.162,6e-05
AlphaFlow,K2/A0.5,SiT,hardflow_new-t-tightened,15,30,30,30,1.0,1.0,"[0.886,1.000]","[0.886,1.000]",0,0.0,0.0,1.0,1.0,66.97,66.97,0.0,1.0,35.55,30.33,1.172,6e-05
MeanFlow,K2/A0.5,UNet,diffuser,3,6,0,0,0.0,0.0,"[0.000,0.390]","[0.000,0.390]",0,0.0,0.0,1.0,1.0,63.0,63.0,0.0,1.0,19.41,19.19,1.012,0.5
MeanFlow,K2/A0.5,UNet,dpcc-r,3,6,2,2,0.3333,0.3333,"[0.097,0.700]","[0.097,0.700]",0,0.0,0.0,1.0,1.0,58.67,58.67,0.0,1.0,26.78,20.83,1.286,0.25
MeanFlow,K2/A0.5,UNet,dpcc-c,3,6,4,2,0.6667,0.3333,"[0.300,0.903]","[0.097,0.700]",-2,-3.0,0.0,0.5,0.5,85.0,58.67,-26.33,0.25,26.37,20.81,1.267,0.25
MeanFlow,K2/A0.5,UNet,dpcc-t,3,6,3,2,0.5,0.3333,"[0.188,0.812]","[0.097,0.700]",-1,-3.0,0.0,1.0,1.0,55.0,58.67,3.67,0.25,26.58,20.86,1.274,0.25
MeanFlow,K2/A0.5,UNet,dpcc-r-tightened,3,6,6,6,1.0,1.0,"[0.610,1.000]","[0.610,1.000]",0,0.0,0.0,1.0,1.0,63.17,63.0,-0.17,1.0,27.11,20.85,1.3,0.25
MeanFlow,K2/A0.5,UNet,dpcc-c-tightened,3,6,5,6,0.8333,1.0,"[0.436,0.970]","[0.610,1.000]",1,0.0,3.0,1.0,1.0,94.0,63.0,-31.0,0.25,27.34,20.9,1.308,0.25
MeanFlow,K2/A0.5,UNet,dpcc-t-tightened,3,6,6,6,1.0,1.0,"[0.610,1.000]","[0.610,1.000]",0,0.0,0.0,1.0,1.0,58.67,63.0,4.33,0.25,27.07,20.85,1.299,0.25
