Candidate,FolderName,Variant,SuccessRate,MeanDist_m,AvgTime_s,MaxPhysErr_m,AvgSteps
A,H8_K20_Meuler_T0.5_Dfm_visual_aligning.models.visual_gaussian_diffusion.VisualFlowMatching_VTrue_mpc4,combined_4-tightened/diffuser,0.0,0.22089701890945435,0.2891300916671753,0.9826835989952087,400.0
A,H8_K20_Meuler_T0.5_Dfm_visual_aligning.models.visual_gaussian_diffusion.VisualFlowMatching_VTrue_mpc4,combined_4-tightened/dpcc-c,0.0,0.368284672498703,0.5759406685829163,0.04599845036864281,400.0
A,H8_K20_Meuler_T0.5_Dfm_visual_aligning.models.visual_gaussian_diffusion.VisualFlowMatching_VTrue_mpc4,combined_4-tightened/dpcc-r,0.0,0.368284672498703,0.5805809497833252,0.12160941958427429,400.0
A,H8_K20_Meuler_T0.5_Dfm_visual_aligning.models.visual_gaussian_diffusion.VisualFlowMatching_VTrue_mpc4,combined_4-tightened/dpcc-t,0.0,0.368284672498703,0.5888382792472839,0.0486442893743515,400.0
A,H8_K20_Meuler_T0.5_Dfm_visual_aligning.models.visual_gaussian_diffusion.VisualFlowMatching_VTrue_mpc4,combined_4-tightened/gradient,0.0,0.2905033230781555,0.30247703194618225,1.0389611721038818,400.0
A,H8_K20_Meuler_T0.5_Dfm_visual_aligning.models.visual_gaussian_diffusion.VisualFlowMatching_VTrue_mpc4,combined_4-tightened/model_free,0.0,0.24994565546512604,0.4643072783946991,0.04438010975718498,400.0
A,H8_K20_Meuler_T0.5_Dfm_visual_aligning.models.visual_gaussian_diffusion.VisualFlowMatching_VTrue_mpc4,combined_4-tightened/post_processing,0.0,0.21911393105983734,0.28893861174583435,1.031197428703308,400.0
A,H8_K20_Meuler_T0.5_Dfm_visual_aligning.models.visual_gaussian_diffusion.VisualFlowMatching_VTrue_mpc4,combined_4/diffuser,0.0,0.22304695844650269,0.2896921634674072,0.9826835989952087,400.0
A,H8_K20_Meuler_T0.5_Dfm_visual_aligning.models.visual_gaussian_diffusion.VisualFlowMatching_VTrue_mpc4,combined_4/dpcc-c,0.0,0.368284672498703,0.6817811131477356,0.041905954480171204,400.0
A,H8_K20_Meuler_T0.5_Dfm_visual_aligning.models.visual_gaussian_diffusion.VisualFlowMatching_VTrue_mpc4,combined_4/dpcc-c-dt0p25,0.0,0.368284672498703,2.066340684890747,0.0312154833227396,400.0
A,H8_K20_Meuler_T0.5_Dfm_visual_aligning.models.visual_gaussian_diffusion.VisualFlowMatching_VTrue_mpc4,combined_4/dpcc-c-dt0p5,0.0,0.368284672498703,0.9514966607093811,0.03221684321761131,400.0
A,H8_K20_Meuler_T0.5_Dfm_visual_aligning.models.visual_gaussian_diffusion.VisualFlowMatching_VTrue_mpc4,combined_4/dpcc-c-dt2p0,0.0,0.368284672498703,0.48674607276916504,0.058102261275053024,400.0
A,H8_K20_Meuler_T0.5_Dfm_visual_aligning.models.visual_gaussian_diffusion.VisualFlowMatching_VTrue_mpc4,combined_4/dpcc-c-dt4p0,0.0,0.368284672498703,0.424479603767395,0.018893761560320854,400.0
A,H8_K20_Meuler_T0.5_Dfm_visual_aligning.models.visual_gaussian_diffusion.VisualFlowMatching_VTrue_mpc4,combined_4/dpcc-r,0.0,0.368284672498703,0.7150156497955322,0.057914018630981445,400.0
A,H8_K20_Meuler_T0.5_Dfm_visual_aligning.models.visual_gaussian_diffusion.VisualFlowMatching_VTrue_mpc4,combined_4/dpcc-t,0.0,0.368284672498703,0.7782047390937805,0.05729717016220093,400.0
A,H8_K20_Meuler_T0.5_Dfm_visual_aligning.models.visual_gaussian_diffusion.VisualFlowMatching_VTrue_mpc4,combined_4/gradient,0.0,0.22169816493988037,0.30273520946502686,0.547829806804657,400.0
A,H8_K20_Meuler_T0.5_Dfm_visual_aligning.models.visual_gaussian_diffusion.VisualFlowMatching_VTrue_mpc4,combined_4/model_free,0.0,0.2514457404613495,0.45743289589881897,0.04436156153678894,400.0
A,H8_K20_Meuler_T0.5_Dfm_visual_aligning.models.visual_gaussian_diffusion.VisualFlowMatching_VTrue_mpc4,combined_4/post_processing,0.0,0.21911393105983734,0.28914469480514526,1.031197428703308,400.0
B,H8_K20_Meuler_T0.5_Dfm_visual_aligning.models.visual_gaussian_diffusion.VisualFlowMatching_VFalse_mpc4,diffuser,0.0,0.29645347595214844,0.1698904037475586,0.06128184497356415,400.0
B,H8_K20_Meuler_T0.5_Dfm_visual_aligning.models.visual_gaussian_diffusion.VisualFlowMatching_VFalse_mpc4,dpcc-c,0.0,0.3045824468135834,0.17107360064983368,0.06117814779281616,400.0
B,H8_K20_Meuler_T0.5_Dfm_visual_aligning.models.visual_gaussian_diffusion.VisualFlowMatching_VFalse_mpc4,dpcc-r,0.0,0.3045824468135834,0.17069582641124725,0.06117814779281616,400.0
B,H8_K20_Meuler_T0.5_Dfm_visual_aligning.models.visual_gaussian_diffusion.VisualFlowMatching_VFalse_mpc4,dpcc-t,0.0,0.368284672498703,0.1711774617433548,0.3653700351715088,400.0
B,H8_K20_Meuler_T0.5_Dfm_visual_aligning.models.visual_gaussian_diffusion.VisualFlowMatching_VFalse_mpc4,gradient,0.0,0.3045824468135834,0.17175428569316864,0.06117814779281616,400.0
B,H8_K20_Meuler_T0.5_Dfm_visual_aligning.models.visual_gaussian_diffusion.VisualFlowMatching_VFalse_mpc4,model_free,0.0,0.3045824468135834,0.17144684493541718,0.06117814779281616,400.0
B,H8_K20_Meuler_T0.5_Dfm_visual_aligning.models.visual_gaussian_diffusion.VisualFlowMatching_VFalse_mpc4,post_processing,0.0,0.3045824468135834,0.17129142582416534,0.06117814779281616,400.0
C,(Crushed)H8_K1_Meuler_T0.5_Dfm_visual_aligning.models.visual_gaussian_diffusion.VisualFlowMatching_VFalse_mpc4,combined_5/diffuser,0.0,0.2803637981414795,0.011716965585947037,0.8467252850532532,300.0
D,H8_K1_Meuler_T0.5_Dfm_visual_aligning.models.visual_gaussian_diffusion.VisualFlowMatching_VFalse_mpc4,combined_5-tightened/diffuser,0.0,0.2803637981414795,0.010904754512012005,0.8467252850532532,300.0
D,H8_K1_Meuler_T0.5_Dfm_visual_aligning.models.visual_gaussian_diffusion.VisualFlowMatching_VFalse_mpc4,combined_5-tightened/dpcc-c,0.0,0.29548436403274536,0.06593836843967438,0.5503425598144531,300.0
D,H8_K1_Meuler_T0.5_Dfm_visual_aligning.models.visual_gaussian_diffusion.VisualFlowMatching_VFalse_mpc4,combined_5-tightened/dpcc-c-dt0p25,0.0,0.7463270425796509,0.17071282863616943,1.1864315271377563,300.0
D,H8_K1_Meuler_T0.5_Dfm_visual_aligning.models.visual_gaussian_diffusion.VisualFlowMatching_VFalse_mpc4,combined_5-tightened/dpcc-c-dt0p5,0.0,0.6794826984405518,0.6476865410804749,1.1421231031417847,300.0
D,H8_K1_Meuler_T0.5_Dfm_visual_aligning.models.visual_gaussian_diffusion.VisualFlowMatching_VFalse_mpc4,combined_5-tightened/dpcc-c-dt2p0,0.0,0.9138641357421875,0.5369137525558472,1.17196786403656,300.0
D,H8_K1_Meuler_T0.5_Dfm_visual_aligning.models.visual_gaussian_diffusion.VisualFlowMatching_VFalse_mpc4,combined_5-tightened/dpcc-c-dt4p0,0.0,0.5632695555686951,0.05888872593641281,0.8418420553207397,300.0
D,H8_K1_Meuler_T0.5_Dfm_visual_aligning.models.visual_gaussian_diffusion.VisualFlowMatching_VFalse_mpc4,combined_5-tightened/dpcc-r,0.0,0.2665348947048187,0.011141486465930939,0.8673744201660156,300.0
D,H8_K1_Meuler_T0.5_Dfm_visual_aligning.models.visual_gaussian_diffusion.VisualFlowMatching_VFalse_mpc4,combined_5-tightened/dpcc-t,0.0,0.9381062388420105,0.011145041324198246,0.8126426935195923,300.0
D,H8_K1_Meuler_T0.5_Dfm_visual_aligning.models.visual_gaussian_diffusion.VisualFlowMatching_VFalse_mpc4,combined_5-tightened/gradient,0.0,0.2665348947048187,0.010962890461087227,0.8673744201660156,300.0
D,H8_K1_Meuler_T0.5_Dfm_visual_aligning.models.visual_gaussian_diffusion.VisualFlowMatching_VFalse_mpc4,combined_5-tightened/model_free,0.0,0.2665348947048187,0.01097830943763256,0.8673744201660156,300.0
D,H8_K1_Meuler_T0.5_Dfm_visual_aligning.models.visual_gaussian_diffusion.VisualFlowMatching_VFalse_mpc4,combined_5-tightened/post_processing,0.0,0.2665348947048187,0.011064384132623672,0.8673744201660156,300.0
D,H8_K1_Meuler_T0.5_Dfm_visual_aligning.models.visual_gaussian_diffusion.VisualFlowMatching_VFalse_mpc4,combined_5/diffuser,0.0,0.2803637981414795,0.013909501023590565,0.8467252850532532,300.0
D,H8_K1_Meuler_T0.5_Dfm_visual_aligning.models.visual_gaussian_diffusion.VisualFlowMatching_VFalse_mpc4,combined_5/dpcc-c,0.0,0.3316207826137543,0.04144255071878433,0.5470245480537415,300.0
D,H8_K1_Meuler_T0.5_Dfm_visual_aligning.models.visual_gaussian_diffusion.VisualFlowMatching_VFalse_mpc4,combined_5/dpcc-c-dt0p25,0.0,0.768242359161377,0.17929823696613312,1.2245910167694092,300.0
D,H8_K1_Meuler_T0.5_Dfm_visual_aligning.models.visual_gaussian_diffusion.VisualFlowMatching_VFalse_mpc4,combined_5/dpcc-c-dt0p5,0.0,0.6098263263702393,0.2774488031864166,1.079168438911438,300.0
D,H8_K1_Meuler_T0.5_Dfm_visual_aligning.models.visual_gaussian_diffusion.VisualFlowMatching_VFalse_mpc4,combined_5/dpcc-c-dt2p0,0.0,0.7774499654769897,0.3918921649456024,1.5661823749542236,300.0
D,H8_K1_Meuler_T0.5_Dfm_visual_aligning.models.visual_gaussian_diffusion.VisualFlowMatching_VFalse_mpc4,combined_5/dpcc-c-dt4p0,0.0,0.6786933541297913,0.08628532290458679,0.8055087327957153,300.0
D,H8_K1_Meuler_T0.5_Dfm_visual_aligning.models.visual_gaussian_diffusion.VisualFlowMatching_VFalse_mpc4,combined_5/dpcc-r,0.0,0.2665348947048187,0.010779202915728092,0.8673744201660156,300.0
D,H8_K1_Meuler_T0.5_Dfm_visual_aligning.models.visual_gaussian_diffusion.VisualFlowMatching_VFalse_mpc4,combined_5/dpcc-t,0.0,0.9381062388420105,0.010793782770633698,0.8126426935195923,300.0
D,H8_K1_Meuler_T0.5_Dfm_visual_aligning.models.visual_gaussian_diffusion.VisualFlowMatching_VFalse_mpc4,combined_5/gradient,0.0,0.2665348947048187,0.010785906575620174,0.8673744201660156,300.0
D,H8_K1_Meuler_T0.5_Dfm_visual_aligning.models.visual_gaussian_diffusion.VisualFlowMatching_VFalse_mpc4,combined_5/model_free,0.0,0.2665348947048187,0.01080252043902874,0.8673744201660156,300.0
D,H8_K1_Meuler_T0.5_Dfm_visual_aligning.models.visual_gaussian_diffusion.VisualFlowMatching_VFalse_mpc4,combined_5/post_processing,0.0,0.2665348947048187,0.010615984909236431,0.8673744201660156,300.0
E,H8_K20_Meuler_T0.5_Dfm_visual_aligning.models.visual_gaussian_diffusion.VisualFlowMatching_VFalse_mpc4,combined_5-tightened/diffuser,0.0,0.4750617444515228,0.1672920286655426,0.46194371581077576,300.0
E,H8_K20_Meuler_T0.5_Dfm_visual_aligning.models.visual_gaussian_diffusion.VisualFlowMatching_VFalse_mpc4,combined_5-tightened/dpcc-r,0.0,0.34376096725463867,1.3494977951049805,0.6706497669219971,300.0
E,H8_K20_Meuler_T0.5_Dfm_visual_aligning.models.visual_gaussian_diffusion.VisualFlowMatching_VFalse_mpc4,combined_5/diffuser,0.0,0.4750617444515228,0.16791176795959473,0.46194371581077576,300.0
E,H8_K20_Meuler_T0.5_Dfm_visual_aligning.models.visual_gaussian_diffusion.VisualFlowMatching_VFalse_mpc4,combined_5/dpcc-c,0.0,0.3841800093650818,1.019335150718689,0.46315503120422363,300.0
E,H8_K20_Meuler_T0.5_Dfm_visual_aligning.models.visual_gaussian_diffusion.VisualFlowMatching_VFalse_mpc4,combined_5/dpcc-c-dt0p25,0.0,0.4176514744758606,1.2519967555999756,0.46200957894325256,300.0
E,H8_K20_Meuler_T0.5_Dfm_visual_aligning.models.visual_gaussian_diffusion.VisualFlowMatching_VFalse_mpc4,combined_5/dpcc-c-dt0p5,0.0,0.4392368197441101,1.4057527780532837,0.686396598815918,300.0
E,H8_K20_Meuler_T0.5_Dfm_visual_aligning.models.visual_gaussian_diffusion.VisualFlowMatching_VFalse_mpc4,combined_5/dpcc-c-dt2p0,0.0,0.3433142304420471,0.4897218644618988,0.13452070951461792,300.0
E,H8_K20_Meuler_T0.5_Dfm_visual_aligning.models.visual_gaussian_diffusion.VisualFlowMatching_VFalse_mpc4,combined_5/dpcc-c-dt4p0,0.0,0.3433142304420471,0.31564876437187195,0.04641755297780037,300.0
E,H8_K20_Meuler_T0.5_Dfm_visual_aligning.models.visual_gaussian_diffusion.VisualFlowMatching_VFalse_mpc4,combined_5/dpcc-r,0.0,0.48763102293014526,1.2179142236709595,0.4971647262573242,300.0
E,H8_K20_Meuler_T0.5_Dfm_visual_aligning.models.visual_gaussian_diffusion.VisualFlowMatching_VFalse_mpc4,combined_5/dpcc-t,0.0,0.34667807817459106,0.8711884617805481,0.05005844309926033,300.0
E,H8_K20_Meuler_T0.5_Dfm_visual_aligning.models.visual_gaussian_diffusion.VisualFlowMatching_VFalse_mpc4,combined_5/gradient,0.0,0.395769864320755,0.18147163093090057,0.24780504405498505,300.0
E,H8_K20_Meuler_T0.5_Dfm_visual_aligning.models.visual_gaussian_diffusion.VisualFlowMatching_VFalse_mpc4,combined_5/model_free,0.0,0.3289220333099365,0.27785563468933105,0.20838291943073273,300.0
E,H8_K20_Meuler_T0.5_Dfm_visual_aligning.models.visual_gaussian_diffusion.VisualFlowMatching_VFalse_mpc4,combined_5/post_processing,0.0,0.5318907499313354,0.16949762403964996,0.5006429553031921,300.0
F,H8_K1_Meuler_T0.5_Dfm_visual_aligning.models.visual_gaussian_diffusion.VisualFlowMatching_VTrue_mpc4,combined_5-tightened/diffuser,0.0,0.2218526154756546,0.01801833137869835,0.47266945242881775,300.0
F,H8_K1_Meuler_T0.5_Dfm_visual_aligning.models.visual_gaussian_diffusion.VisualFlowMatching_VTrue_mpc4,combined_5-tightened/dpcc-c,0.0,0.3245893120765686,0.05080660432577133,0.04886726662516594,300.0
F,H8_K1_Meuler_T0.5_Dfm_visual_aligning.models.visual_gaussian_diffusion.VisualFlowMatching_VTrue_mpc4,combined_5-tightened/dpcc-c-dt0p25,0.0,0.3497260808944702,0.10007880628108978,0.7258604764938354,300.0
F,H8_K1_Meuler_T0.5_Dfm_visual_aligning.models.visual_gaussian_diffusion.VisualFlowMatching_VTrue_mpc4,combined_5-tightened/dpcc-c-dt0p5,0.0,0.25864341855049133,0.06240968033671379,0.46765485405921936,300.0
F,H8_K1_Meuler_T0.5_Dfm_visual_aligning.models.visual_gaussian_diffusion.VisualFlowMatching_VTrue_mpc4,combined_5-tightened/dpcc-c-dt2p0,0.0,0.2270885705947876,0.06110410764813423,0.4694327414035797,300.0
F,H8_K1_Meuler_T0.5_Dfm_visual_aligning.models.visual_gaussian_diffusion.VisualFlowMatching_VTrue_mpc4,combined_5-tightened/dpcc-c-dt4p0,0.0,0.2092578411102295,0.03590034693479538,0.048466384410858154,267.79998779296875
F,H8_K1_Meuler_T0.5_Dfm_visual_aligning.models.visual_gaussian_diffusion.VisualFlowMatching_VTrue_mpc4,combined_5-tightened/dpcc-r,0.0,0.30216503143310547,0.01815282180905342,0.6564299464225769,300.0
F,H8_K1_Meuler_T0.5_Dfm_visual_aligning.models.visual_gaussian_diffusion.VisualFlowMatching_VTrue_mpc4,combined_5-tightened/dpcc-t,0.0,0.2231132686138153,0.018444258719682693,0.6742416024208069,300.0
F,H8_K1_Meuler_T0.5_Dfm_visual_aligning.models.visual_gaussian_diffusion.VisualFlowMatching_VTrue_mpc4,combined_5-tightened/gradient,0.0,0.30216503143310547,0.018243912607431412,0.6564299464225769,300.0
F,H8_K1_Meuler_T0.5_Dfm_visual_aligning.models.visual_gaussian_diffusion.VisualFlowMatching_VTrue_mpc4,combined_5-tightened/model_free,0.0,0.30216503143310547,0.01832650601863861,0.6564299464225769,300.0
F,H8_K1_Meuler_T0.5_Dfm_visual_aligning.models.visual_gaussian_diffusion.VisualFlowMatching_VTrue_mpc4,combined_5-tightened/post_processing,0.0,0.30216503143310547,0.01825593039393425,0.6564299464225769,300.0
F,H8_K1_Meuler_T0.5_Dfm_visual_aligning.models.visual_gaussian_diffusion.VisualFlowMatching_VTrue_mpc4,combined_5/diffuser,0.0,0.2218526154756546,0.021892737597227097,0.47266945242881775,300.0
F,H8_K1_Meuler_T0.5_Dfm_visual_aligning.models.visual_gaussian_diffusion.VisualFlowMatching_VTrue_mpc4,combined_5/dpcc-c,0.0,0.22926852107048035,0.07293560355901718,0.09619031846523285,300.0
F,H8_K1_Meuler_T0.5_Dfm_visual_aligning.models.visual_gaussian_diffusion.VisualFlowMatching_VTrue_mpc4,combined_5/dpcc-c-dt0p25,0.0,0.24219441413879395,0.07355131953954697,0.4606696665287018,300.0
F,H8_K1_Meuler_T0.5_Dfm_visual_aligning.models.visual_gaussian_diffusion.VisualFlowMatching_VTrue_mpc4,combined_5/dpcc-c-dt0p5,0.0,0.2606425881385803,0.05820561200380325,0.4691650867462158,300.0
F,H8_K1_Meuler_T0.5_Dfm_visual_aligning.models.visual_gaussian_diffusion.VisualFlowMatching_VTrue_mpc4,combined_5/dpcc-c-dt2p0,0.0,0.25975775718688965,0.0335894338786602,0.6630404591560364,300.0
F,H8_K1_Meuler_T0.5_Dfm_visual_aligning.models.visual_gaussian_diffusion.VisualFlowMatching_VTrue_mpc4,combined_5/dpcc-c-dt4p0,0.0,0.22244732081890106,0.03476637974381447,0.04929053783416748,300.0
F,H8_K1_Meuler_T0.5_Dfm_visual_aligning.models.visual_gaussian_diffusion.VisualFlowMatching_VTrue_mpc4,combined_5/dpcc-r,0.0,0.30216503143310547,0.017436044290661812,0.6564299464225769,300.0
F,H8_K1_Meuler_T0.5_Dfm_visual_aligning.models.visual_gaussian_diffusion.VisualFlowMatching_VTrue_mpc4,combined_5/dpcc-t,0.0,0.2231132686138153,0.017607223242521286,0.6742416024208069,300.0
F,H8_K1_Meuler_T0.5_Dfm_visual_aligning.models.visual_gaussian_diffusion.VisualFlowMatching_VTrue_mpc4,combined_5/gradient,0.0,0.30216503143310547,0.018413539975881577,0.6564299464225769,300.0
F,H8_K1_Meuler_T0.5_Dfm_visual_aligning.models.visual_gaussian_diffusion.VisualFlowMatching_VTrue_mpc4,combined_5/model_free,0.0,0.30216503143310547,0.01836174540221691,0.6564299464225769,300.0
F,H8_K1_Meuler_T0.5_Dfm_visual_aligning.models.visual_gaussian_diffusion.VisualFlowMatching_VTrue_mpc4,combined_5/post_processing,0.0,0.30216503143310547,0.0185790304094553,0.6564299464225769,300.0
G,H8_K20_Meuler_T0.5_Dfm_visual_aligning.models.visual_gaussian_diffusion.VisualFlowMatching_VTrue_mpc4,(Good Run_27_05)combined_4/diffuser,0.0,0.2176269292831421,0.2899191677570343,1.4597077369689941,400.0
G,H8_K20_Meuler_T0.5_Dfm_visual_aligning.models.visual_gaussian_diffusion.VisualFlowMatching_VTrue_mpc4,(Good Run_27_05)combined_4/dpcc-c,0.0,0.2877054512500763,1.9182714223861694,0.582595705986023,400.0
G,H8_K20_Meuler_T0.5_Dfm_visual_aligning.models.visual_gaussian_diffusion.VisualFlowMatching_VTrue_mpc4,(Good Run_27_05)combined_4/dpcc-c-dt0p25,0.0,0.17187687754631042,0.6055927872657776,0.045523516833782196,400.0
G,H8_K20_Meuler_T0.5_Dfm_visual_aligning.models.visual_gaussian_diffusion.VisualFlowMatching_VTrue_mpc4,(Good Run_27_05)combined_4/dpcc-c-dt0p5,0.0,0.4164332151412964,0.7318919897079468,0.06476490199565887,400.0
G,H8_K20_Meuler_T0.5_Dfm_visual_aligning.models.visual_gaussian_diffusion.VisualFlowMatching_VTrue_mpc4,(Good Run_27_05)combined_4/dpcc-c-dt2p0,0.0,0.21807162463665009,0.4689069986343384,0.04468057304620743,400.0
G,H8_K20_Meuler_T0.5_Dfm_visual_aligning.models.visual_gaussian_diffusion.VisualFlowMatching_VTrue_mpc4,(Good Run_27_05)combined_4/dpcc-c-dt4p0,0.0,0.4448015093803406,0.41500550508499146,1.1774685382843018,400.0
G,H8_K20_Meuler_T0.5_Dfm_visual_aligning.models.visual_gaussian_diffusion.VisualFlowMatching_VTrue_mpc4,(Good Run_27_05)combined_4/dpcc-r,0.0,0.2830255627632141,1.064170241355896,0.08941328525543213,400.0
G,H8_K20_Meuler_T0.5_Dfm_visual_aligning.models.visual_gaussian_diffusion.VisualFlowMatching_VTrue_mpc4,(Good Run_27_05)combined_4/dpcc-t,0.0,0.2801080048084259,2.0038843154907227,0.60028475522995,400.0
G,H8_K20_Meuler_T0.5_Dfm_visual_aligning.models.visual_gaussian_diffusion.VisualFlowMatching_VTrue_mpc4,(Good Run_27_05)combined_4/gradient,0.0,0.2468675673007965,0.3013753294944763,1.501023769378662,400.0
G,H8_K20_Meuler_T0.5_Dfm_visual_aligning.models.visual_gaussian_diffusion.VisualFlowMatching_VTrue_mpc4,(Good Run_27_05)combined_4/model_free,0.0,0.2812431752681732,0.37580984830856323,1.4387094974517822,400.0
G,H8_K20_Meuler_T0.5_Dfm_visual_aligning.models.visual_gaussian_diffusion.VisualFlowMatching_VTrue_mpc4,(Good Run_27_05)combined_4/post_processing,0.0,0.22103643417358398,0.2887701392173767,1.5321153402328491,400.0
G,H8_K20_Meuler_T0.5_Dfm_visual_aligning.models.visual_gaussian_diffusion.VisualFlowMatching_VTrue_mpc4,combined_4_uf15/diffuser,0.0,0.21783137321472168,0.29010626673698425,0.9826835989952087,400.0
G,H8_K20_Meuler_T0.5_Dfm_visual_aligning.models.visual_gaussian_diffusion.VisualFlowMatching_VTrue_mpc4,combined_4_uf15/dpcc-c,0.0,0.368284672498703,0.7022133469581604,0.03954530879855156,400.0
G,H8_K20_Meuler_T0.5_Dfm_visual_aligning.models.visual_gaussian_diffusion.VisualFlowMatching_VTrue_mpc4,combined_4_uf15/dpcc-r,0.0,0.368284672498703,0.8950789570808411,0.04845593497157097,400.0
G,H8_K20_Meuler_T0.5_Dfm_visual_aligning.models.visual_gaussian_diffusion.VisualFlowMatching_VTrue_mpc4,combined_4_uf15/dpcc-t,0.0,0.368284672498703,0.8589548468589783,0.05920541658997536,400.0
G,H8_K20_Meuler_T0.5_Dfm_visual_aligning.models.visual_gaussian_diffusion.VisualFlowMatching_VTrue_mpc4,combined_4_uf15/gradient,0.0,0.25602415204048157,0.3032552897930145,0.9828431010246277,400.0
G,H8_K20_Meuler_T0.5_Dfm_visual_aligning.models.visual_gaussian_diffusion.VisualFlowMatching_VTrue_mpc4,combined_4_uf15/model_free,0.0,0.2670285701751709,0.4942041337490082,0.6822060942649841,400.0
G,H8_K20_Meuler_T0.5_Dfm_visual_aligning.models.visual_gaussian_diffusion.VisualFlowMatching_VTrue_mpc4,combined_4_uf15/post_processing,0.0,0.21911393105983734,0.2897471487522125,1.031197428703308,400.0
G,H8_K20_Meuler_T0.5_Dfm_visual_aligning.models.visual_gaussian_diffusion.VisualFlowMatching_VTrue_mpc4,combined_5-tightened(old_plot)/diffuser,0.0,0.23175254464149475,0.28825125098228455,0.7898620367050171,300.0
G,H8_K20_Meuler_T0.5_Dfm_visual_aligning.models.visual_gaussian_diffusion.VisualFlowMatching_VTrue_mpc4,combined_5-tightened(old_plot)/dpcc-c,0.0,0.33736085891723633,0.6424616575241089,0.06430450081825256,300.0
G,H8_K20_Meuler_T0.5_Dfm_visual_aligning.models.visual_gaussian_diffusion.VisualFlowMatching_VTrue_mpc4,combined_5-tightened(old_plot)/dpcc-c-dt0p25,0.0,0.28468066453933716,1.5055615901947021,0.04608637094497681,300.0
G,H8_K20_Meuler_T0.5_Dfm_visual_aligning.models.visual_gaussian_diffusion.VisualFlowMatching_VTrue_mpc4,combined_5-tightened(old_plot)/dpcc-c-dt0p5,0.0,0.2780901789665222,1.2165145874023438,0.10999172925949097,300.0
G,H8_K20_Meuler_T0.5_Dfm_visual_aligning.models.visual_gaussian_diffusion.VisualFlowMatching_VTrue_mpc4,combined_5-tightened(old_plot)/dpcc-c-dt2p0,0.0,0.2323664426803589,0.6539649963378906,0.04814666882157326,300.0
G,H8_K20_Meuler_T0.5_Dfm_visual_aligning.models.visual_gaussian_diffusion.VisualFlowMatching_VTrue_mpc4,combined_5-tightened(old_plot)/dpcc-c-dt4p0,0.0,0.4448015093803406,0.43572795391082764,0.052934445440769196,300.0
G,H8_K20_Meuler_T0.5_Dfm_visual_aligning.models.visual_gaussian_diffusion.VisualFlowMatching_VTrue_mpc4,combined_5-tightened(old_plot)/dpcc-r,0.0,0.4250793159008026,1.0128300189971924,0.539505124092102,300.0
G,H8_K20_Meuler_T0.5_Dfm_visual_aligning.models.visual_gaussian_diffusion.VisualFlowMatching_VTrue_mpc4,combined_5-tightened(old_plot)/dpcc-t,0.0,0.2717737555503845,2.9227242469787598,0.268329381942749,300.0
G,H8_K20_Meuler_T0.5_Dfm_visual_aligning.models.visual_gaussian_diffusion.VisualFlowMatching_VTrue_mpc4,combined_5-tightened(old_plot)/gradient,0.0,0.24604490399360657,0.30198758840560913,0.7000061273574829,300.0
G,H8_K20_Meuler_T0.5_Dfm_visual_aligning.models.visual_gaussian_diffusion.VisualFlowMatching_VTrue_mpc4,combined_5-tightened(old_plot)/model_free,0.0,0.2658735513687134,0.39260125160217285,0.7558765411376953,300.0
G,H8_K20_Meuler_T0.5_Dfm_visual_aligning.models.visual_gaussian_diffusion.VisualFlowMatching_VTrue_mpc4,combined_5-tightened(old_plot)/post_processing,0.0,0.23235777020454407,0.2888604402542114,0.837167501449585,300.0
G,H8_K20_Meuler_T0.5_Dfm_visual_aligning.models.visual_gaussian_diffusion.VisualFlowMatching_VTrue_mpc4,combined_5-tightened/diffuser,0.0,0.20279522240161896,0.28955936431884766,0.33992257714271545,300.0
G,H8_K20_Meuler_T0.5_Dfm_visual_aligning.models.visual_gaussian_diffusion.VisualFlowMatching_VTrue_mpc4,combined_5-tightened/dpcc-r,0.0,0.37420570850372314,0.9837493896484375,0.6028014421463013,300.0
G,H8_K20_Meuler_T0.5_Dfm_visual_aligning.models.visual_gaussian_diffusion.VisualFlowMatching_VTrue_mpc4,combined_5/diffuser,0.0,0.20279522240161896,0.2925683856010437,0.33992257714271545,300.0
G,H8_K20_Meuler_T0.5_Dfm_visual_aligning.models.visual_gaussian_diffusion.VisualFlowMatching_VTrue_mpc4,combined_5/dpcc-c,0.0,0.3105977475643158,1.2895056009292603,0.7070505619049072,300.0
G,H8_K20_Meuler_T0.5_Dfm_visual_aligning.models.visual_gaussian_diffusion.VisualFlowMatching_VTrue_mpc4,combined_5/dpcc-c-dt0p25,0.0,0.24417278170585632,1.2659245729446411,0.12204976379871368,300.0
G,H8_K20_Meuler_T0.5_Dfm_visual_aligning.models.visual_gaussian_diffusion.VisualFlowMatching_VTrue_mpc4,combined_5/dpcc-c-dt0p5,0.0,0.24537965655326843,1.315315842628479,0.15880215167999268,300.0
G,H8_K20_Meuler_T0.5_Dfm_visual_aligning.models.visual_gaussian_diffusion.VisualFlowMatching_VTrue_mpc4,combined_5/dpcc-c-dt2p0,0.0,0.4274458885192871,0.5895051956176758,0.6900352239608765,300.0
G,H8_K20_Meuler_T0.5_Dfm_visual_aligning.models.visual_gaussian_diffusion.VisualFlowMatching_VTrue_mpc4,combined_5/dpcc-c-dt4p0,0.0,0.3433142304420471,0.43480175733566284,0.3399117588996887,300.0
G,H8_K20_Meuler_T0.5_Dfm_visual_aligning.models.visual_gaussian_diffusion.VisualFlowMatching_VTrue_mpc4,combined_5/dpcc-r,0.0,0.282818078994751,1.1555445194244385,0.40121087431907654,300.0
G,H8_K20_Meuler_T0.5_Dfm_visual_aligning.models.visual_gaussian_diffusion.VisualFlowMatching_VTrue_mpc4,combined_5/dpcc-t,0.0,0.20467638969421387,0.7070916891098022,0.3109760582447052,300.0
G,H8_K20_Meuler_T0.5_Dfm_visual_aligning.models.visual_gaussian_diffusion.VisualFlowMatching_VTrue_mpc4,combined_5/gradient,0.0,0.20823827385902405,0.30355963110923767,0.31094780564308167,300.0
G,H8_K20_Meuler_T0.5_Dfm_visual_aligning.models.visual_gaussian_diffusion.VisualFlowMatching_VTrue_mpc4,combined_5/model_free,0.0,0.2424948662519455,0.3875029683113098,0.6114365458488464,300.0
G,H8_K20_Meuler_T0.5_Dfm_visual_aligning.models.visual_gaussian_diffusion.VisualFlowMatching_VTrue_mpc4,combined_5/post_processing,0.0,0.16634991765022278,0.29004591703414917,0.3591473698616028,300.0
G,H8_K20_Meuler_T0.5_Dfm_visual_aligning.models.visual_gaussian_diffusion.VisualFlowMatching_VTrue_mpc4,dynamics_only/diffuser,0.0,0.22378134727478027,0.2939910590648651,1.459074854850769,400.0
G,H8_K20_Meuler_T0.5_Dfm_visual_aligning.models.visual_gaussian_diffusion.VisualFlowMatching_VTrue_mpc4,dynamics_only/dpcc-c,0.0,0.45240265130996704,0.37011635303497314,0.8972684741020203,400.0
G,H8_K20_Meuler_T0.5_Dfm_visual_aligning.models.visual_gaussian_diffusion.VisualFlowMatching_VTrue_mpc4,dynamics_only/dpcc-c-dt0p25,0.0,0.25496041774749756,0.3703930675983429,1.4156484603881836,400.0
G,H8_K20_Meuler_T0.5_Dfm_visual_aligning.models.visual_gaussian_diffusion.VisualFlowMatching_VTrue_mpc4,dynamics_only/dpcc-c-dt0p5,0.0,0.22044911980628967,0.3699216842651367,1.410363793373108,400.0
G,H8_K20_Meuler_T0.5_Dfm_visual_aligning.models.visual_gaussian_diffusion.VisualFlowMatching_VTrue_mpc4,dynamics_only/dpcc-c-dt2p0,0.0,0.25891968607902527,0.37136518955230713,0.6612766981124878,400.0
G,H8_K20_Meuler_T0.5_Dfm_visual_aligning.models.visual_gaussian_diffusion.VisualFlowMatching_VTrue_mpc4,dynamics_only/dpcc-c-dt4p0,0.0,0.4448015093803406,0.3739539086818695,1.6918944120407104,400.0
G,H8_K20_Meuler_T0.5_Dfm_visual_aligning.models.visual_gaussian_diffusion.VisualFlowMatching_VTrue_mpc4,dynamics_only/dpcc-r,0.0,0.39724934101104736,0.371221661567688,1.3797446489334106,400.0
G,H8_K20_Meuler_T0.5_Dfm_visual_aligning.models.visual_gaussian_diffusion.VisualFlowMatching_VTrue_mpc4,dynamics_only/dpcc-t,0.0,0.3180125057697296,0.3713213801383972,1.5195963382720947,400.0
G,H8_K20_Meuler_T0.5_Dfm_visual_aligning.models.visual_gaussian_diffusion.VisualFlowMatching_VTrue_mpc4,dynamics_only/gradient,0.0,0.27652108669281006,0.2972376346588135,1.2771793603897095,400.0
G,H8_K20_Meuler_T0.5_Dfm_visual_aligning.models.visual_gaussian_diffusion.VisualFlowMatching_VTrue_mpc4,dynamics_only/model_free,0.0,0.22104540467262268,0.28977829217910767,1.5318478345870972,400.0
G,H8_K20_Meuler_T0.5_Dfm_visual_aligning.models.visual_gaussian_diffusion.VisualFlowMatching_VTrue_mpc4,dynamics_only/post_processing,0.0,0.22103643417358398,0.28938302397727966,1.5321153402328491,400.0
H,H8_K20_Meuler_T0.5_Dfm_visual_aligning.models.visual_gaussian_diffusion.VisualGaussianDiffusion_VFalse_mpc4,diffuser,0.0,0.32085639238357544,0.2019815444946289,0.0,400.0
H,H8_K20_Meuler_T0.5_Dfm_visual_aligning.models.visual_gaussian_diffusion.VisualGaussianDiffusion_VFalse_mpc4,dpcc-c,0.0,0.30528053641319275,0.35949376225471497,0.0,400.0
H,H8_K20_Meuler_T0.5_Dfm_visual_aligning.models.visual_gaussian_diffusion.VisualGaussianDiffusion_VFalse_mpc4,dpcc-r,0.0,0.30528053641319275,0.3586611747741699,0.0,400.0
H,H8_K20_Meuler_T0.5_Dfm_visual_aligning.models.visual_gaussian_diffusion.VisualGaussianDiffusion_VFalse_mpc4,dpcc-t,0.0,0.37095823884010315,0.36015889048576355,0.0,400.0
H,H8_K20_Meuler_T0.5_Dfm_visual_aligning.models.visual_gaussian_diffusion.VisualGaussianDiffusion_VFalse_mpc4,gradient,0.0,0.30528053641319275,0.3609212636947632,0.0,400.0
H,H8_K20_Meuler_T0.5_Dfm_visual_aligning.models.visual_gaussian_diffusion.VisualGaussianDiffusion_VFalse_mpc4,model_free,0.0,0.30528053641319275,0.36099696159362793,0.0,400.0
H,H8_K20_Meuler_T0.5_Dfm_visual_aligning.models.visual_gaussian_diffusion.VisualGaussianDiffusion_VFalse_mpc4,post_processing,0.0,0.30528053641319275,0.3595982789993286,0.0,400.0
I,H8_K100_Meuler_T0.5_Dfm_visual_aligning.models.visual_gaussian_diffusion.VisualGaussianDiffusion_VTrue_mpc4,diffuser,0.0,0.36011362075805664,1.4270341396331787,1.1242966651916504,400.0
I,H8_K100_Meuler_T0.5_Dfm_visual_aligning.models.visual_gaussian_diffusion.VisualGaussianDiffusion_VTrue_mpc4,dpcc-c,0.0,0.4755541980266571,1.4394241571426392,0.9779186248779297,400.0
I,H8_K100_Meuler_T0.5_Dfm_visual_aligning.models.visual_gaussian_diffusion.VisualGaussianDiffusion_VTrue_mpc4,dpcc-r,0.0,0.4755541980266571,1.4384937286376953,0.9779186248779297,400.0
I,H8_K100_Meuler_T0.5_Dfm_visual_aligning.models.visual_gaussian_diffusion.VisualGaussianDiffusion_VTrue_mpc4,dpcc-t,0.0,0.37864816188812256,1.438493251800537,1.0708999633789062,400.0
I,H8_K100_Meuler_T0.5_Dfm_visual_aligning.models.visual_gaussian_diffusion.VisualGaussianDiffusion_VTrue_mpc4,gradient,0.0,0.4755541980266571,1.4379991292953491,0.9762166738510132,400.0
I,H8_K100_Meuler_T0.5_Dfm_visual_aligning.models.visual_gaussian_diffusion.VisualGaussianDiffusion_VTrue_mpc4,model_free,0.0,0.4755541980266571,1.4386652708053589,0.9798974990844727,400.0
I,H8_K100_Meuler_T0.5_Dfm_visual_aligning.models.visual_gaussian_diffusion.VisualGaussianDiffusion_VTrue_mpc4,post_processing,0.0,0.4755541980266571,1.442009449005127,0.9762166738510132,400.0
K,H8_K20_Meuler_T0.5_Dfm_visual_aligning.models.visual_gaussian_diffusion.VisualGaussianDiffusion_VTrue_mpc4,diffuser,0.0,0.22089701890945435,0.28696534037590027,0.9826987385749817,400.0
K,H8_K20_Meuler_T0.5_Dfm_visual_aligning.models.visual_gaussian_diffusion.VisualGaussianDiffusion_VTrue_mpc4,dpcc-c,0.0,0.21911393105983734,0.28827980160713196,1.031197428703308,400.0
K,H8_K20_Meuler_T0.5_Dfm_visual_aligning.models.visual_gaussian_diffusion.VisualGaussianDiffusion_VTrue_mpc4,dpcc-r,0.0,0.21911393105983734,0.28821757435798645,1.031197428703308,400.0
K,H8_K20_Meuler_T0.5_Dfm_visual_aligning.models.visual_gaussian_diffusion.VisualGaussianDiffusion_VTrue_mpc4,dpcc-t,0.0,0.2749578058719635,0.2883340120315552,0.05142854526638985,400.0
K,H8_K20_Meuler_T0.5_Dfm_visual_aligning.models.visual_gaussian_diffusion.VisualGaussianDiffusion_VTrue_mpc4,gradient,0.0,0.21911393105983734,0.28839051723480225,1.031197428703308,400.0
K,H8_K20_Meuler_T0.5_Dfm_visual_aligning.models.visual_gaussian_diffusion.VisualGaussianDiffusion_VTrue_mpc4,model_free,0.0,0.21911393105983734,0.28893721103668213,1.031197428703308,400.0
K,H8_K20_Meuler_T0.5_Dfm_visual_aligning.models.visual_gaussian_diffusion.VisualGaussianDiffusion_VTrue_mpc4,post_processing,0.0,0.21911393105983734,0.28763169050216675,1.031197428703308,400.0
