Candidate,Folder_Name,Full_Path,Latest_Snapshot,First_Snapshot,Snapshot_Count,Snapshot_By_Seed,Accuracy,Accuracy_Std,Major_Accuracy,Time_ms,MeanDist_m,CollisionFree,N_Variants,N_Geos,N_Seeds,Missing_Seeds
1,H8_K20_Meuler_T0.5_Dfm_visual_aligning.models.visual_gaussian_diffusion.VisualFlowMatching_VTrue_mpc4_filmv2,/u/home/llim/FMPCC/FM-PCC/logs/aligning-d3il-visual/plans/fm_visual_aligning/(Bf_U8_Legacy_complex_struct)H8_Dfm_visual_aligning.models.visual_gaussian_diffusion.VisualFlowMatching_a1.5_b1.0_aw1_VTrue_steps1000_bs64_filmv2/H8_K20_Meuler_T0.5_Dfm_visual_aligning.models.visual_gaussian_diffusion.VisualFlowMatching_VTrue_mpc4_filmv2,20260705_165238,20260705_104449,2,6:20260705_165238,0.0,0.0,0.0,629.6937705907557,0.5895195093798459,0.0,11,3,1,
2,H8_K20_Meuler_T0.5_Dfm_visual_aligning.models.visual_gaussian_diffusion.VisualFlowMatching_VTrue_mpc4_filmv2,/u/home/llim/FMPCC/FM-PCC/logs/aligning-d3il-visual/plans/fm_visual_aligning/(legacy_correcct_besides_bounds_for_comapre)H8_Dfm_visual_aligning.models.visual_gaussian_diffusion.VisualFlowMatching_a1.5_b1.0_aw1_VTrue_steps1000_bs64_filmv2/H8_K20_Meuler_T0.5_Dfm_visual_aligning.models.visual_gaussian_diffusion.VisualFlowMatching_VTrue_mpc4_filmv2,20260701_124103,20260701_124103,1,6:20260701_124103,0.0,0.0,0.0,5327.69178222451,0.764846573942751,0.5,5,3,1,
3,H8_K20_Meuler_T0.5_Dfm_visual_aligning.models.visual_gaussian_diffusion.VisualFlowMatching_VTrue_mpc4_filmv2,/u/home/llim/FMPCC/FM-PCC/logs/aligning-d3il-visual/plans/fm_visual_aligning/H8_Dfm_visual_aligning.models.visual_gaussian_diffusion.VisualFlowMatching_a1.5_b1.0_aw1_VTrue_steps1000_bs64_filmv2/H8_K20_Meuler_T0.5_Dfm_visual_aligning.models.visual_gaussian_diffusion.VisualFlowMatching_VTrue_mpc4_filmv2,20260712_000657,20260705_165350,2,6:20260712_000657,0.0,0.0,0.0,3641.7467581755236,0.6095402022384283,0.11666666666666667,15,2,1,
4,H8_K20_Meuler_T0.5_Dfm_visual_aligning.models.visual_gaussian_diffusion.VisualFlowMatching_VTrue_mpc4_filmv1,/u/home/llim/FMPCC/FM-PCC/logs/aligning-d3il-visual/plans/fm_visual_aligning/H8_Dfm_visual_aligning.models.visual_gaussian_diffusion.VisualFlowMatching_a1.5_b1.0_aw1_VTrue_steps900_bs64_filmv1/H8_K20_Meuler_T0.5_Dfm_visual_aligning.models.visual_gaussian_diffusion.VisualFlowMatching_VTrue_mpc4_filmv1,20260712_120358,20260701_140346,3,6:20260712_120358,0.0,0.0,0.0,1736.3314107496005,0.3275643479193589,0.24848484848484853,11,3,1,
5,H8_K100_Meuler_T0.5_Dmix_visual_aligning.models.visual_af_diffusion.VisualAlphaFlow_VTrue_mpc4_filmv1_Eaf,/u/home/llim/FMPCC/FM-PCC/logs/aligning-d3il-visual/plans/mix_visual_aligning_af/H8_Dmix_visual_aligning.models.visual_af_diffusion.VisualAlphaFlow_a1.5_b1.0_aw1_VTrue_steps1000_bs64_filmv1_Eaf_tslogit_normal_afschsigmoid/H8_K100_Meuler_T0.5_Dmix_visual_aligning.models.visual_af_diffusion.VisualAlphaFlow_VTrue_mpc4_filmv1_Eaf,20260802_205904,20260802_205904,1,6:20260802_205904,0.045454545454545456,0.045454545454545456,0.045454545454545456,8660.73402161331,0.3554292545096951,0.23636363636363636,2,1,1,
6,H8_K2_Meuler_T0.5_Dmix_visual_aligning.models.visual_af_diffusion.VisualAlphaFlow_VTrue_mpc4_filmv1_Eaf,/u/home/llim/FMPCC/FM-PCC/logs/aligning-d3il-visual/plans/mix_visual_aligning_af/H8_Dmix_visual_aligning.models.visual_af_diffusion.VisualAlphaFlow_a1.5_b1.0_aw1_VTrue_steps1000_bs64_filmv1_Eaf_tslogit_normal_afschsigmoid/H8_K2_Meuler_T0.5_Dmix_visual_aligning.models.visual_af_diffusion.VisualAlphaFlow_VTrue_mpc4_filmv1_Eaf,20260805_001511,20260804_103728,2,6:20260805_001511,0.004385964912280702,0.011267747876022043,0.0047619047619047615,62.77419995583985,0.36452937746935826,0.44824561403508767,19,2,1,
7,H8_K2_Meuler_T0.5_Dmix_visual_aligning.models.visual_af_diffusion.VisualAlphaFlow_VTrue_mpc4_filmv2_Eaf,/u/home/llim/FMPCC/FM-PCC/logs/aligning-d3il-visual/plans/mix_visual_aligning_af/H8_Dmix_visual_aligning.models.visual_af_diffusion.VisualAlphaFlow_a1.5_b1.0_aw1_VTrue_steps1000_bs64_filmv2_Eaf_tslogit_normal_afschsigmoid/H8_K2_Meuler_T0.5_Dmix_visual_aligning.models.visual_af_diffusion.VisualAlphaFlow_VTrue_mpc4_filmv2_Eaf,20260811_075845,20260811_075845,1,6:20260811_075845,0.0,0.0,0.0,58.496129371225834,0.416148339806532,0.259375,16,2,1,
8,H8_K100_T0.5_Dmix_visual_aligning.models.visual_gaussian_diffusion.VisualGaussianDiffusion_VTrue_mpc4_filmv1_Ediffusion,/u/home/llim/FMPCC/FM-PCC/logs/aligning-d3il-visual/plans/mix_visual_aligning_diffusion/H8_K100_Dmix_visual_aligning.models.visual_gaussian_diffusion.VisualGaussianDiffusion_aw10_VTrue_steps1000_bs64_filmv1_Ediffusion/H8_K100_T0.5_Dmix_visual_aligning.models.visual_gaussian_diffusion.VisualGaussianDiffusion_VTrue_mpc4_filmv1_Ediffusion,20260807_022558,20260807_022558,1,6:20260807_022558,0.0,0.0,0.0,5021.109460318298,0.31859264453800384,0.2912280701754386,2,1,1,
9,H8_K20_T0.5_Dmix_visual_aligning.models.visual_gaussian_diffusion.VisualGaussianDiffusion_VTrue_mpc4_filmv1_Ediffusion,/u/home/llim/FMPCC/FM-PCC/logs/aligning-d3il-visual/plans/mix_visual_aligning_diffusion/H8_K20_Dmix_visual_aligning.models.visual_gaussian_diffusion.VisualGaussianDiffusion_aw10_VTrue_steps1000_bs64_filmv1_Ediffusion/H8_K20_T0.5_Dmix_visual_aligning.models.visual_gaussian_diffusion.VisualGaussianDiffusion_VTrue_mpc4_filmv1_Ediffusion,20260809_152309,20260809_152309,1,6:20260809_152309,0.0,0.0,0.0,1181.9713275178715,0.3945735529888424,0.1851851851851852,6,1,1,
10,H8_K100_Meuler_T0.5_Dmix_visual_aligning.models.visual_fm_diffusion.VisualFlowMatching_VTrue_mpc4_filmv1_Efm,/u/home/llim/FMPCC/FM-PCC/logs/aligning-d3il-visual/plans/mix_visual_aligning_fm/H8_Dmix_visual_aligning.models.visual_fm_diffusion.VisualFlowMatching_a1.5_b1.0_aw1_VTrue_steps1000_bs64_filmv1_Efm/H8_K100_Meuler_T0.5_Dmix_visual_aligning.models.visual_fm_diffusion.VisualFlowMatching_VTrue_mpc4_filmv1_Efm,20260807_013907,20260807_013907,1,6:20260807_013907,0.0,0.0,0.0,4563.145604738684,0.38052127541471714,0.11818181818181818,2,1,1,
11,H8_K20_Meuler_T0.5_Dmix_visual_aligning.models.visual_fm_diffusion.VisualFlowMatching_VTrue_mpc4_filmv1_Efm,/u/home/llim/FMPCC/FM-PCC/logs/aligning-d3il-visual/plans/mix_visual_aligning_fm/H8_Dmix_visual_aligning.models.visual_fm_diffusion.VisualFlowMatching_a1.5_b1.0_aw1_VTrue_steps1000_bs64_filmv1_Efm/H8_K20_Meuler_T0.5_Dmix_visual_aligning.models.visual_fm_diffusion.VisualFlowMatching_VTrue_mpc4_filmv1_Efm,20260809_160914,20260809_160914,1,6:20260809_160914,0.0,0.0,0.0,688.4579018473626,0.3639708830992864,0.06999999999999999,10,1,1,
12,H8_K2_Meuler_T0.5_Dmix_visual_aligning.models.visual_mf_diffusion.VisualMeanFlow_VTrue_mpc4_Bdit_Emf,/u/home/llim/FMPCC/FM-PCC/logs/aligning-d3il-visual/plans/mix_visual_aligning_mf/H8_Dmix_visual_aligning.models.visual_mf_diffusion.VisualMeanFlow_a1.5_b1.0_aw1_VTrue_steps1000_bs64_Bdit_Emf_tslogit_normal_TB80pct/H8_K2_Meuler_T0.5_Dmix_visual_aligning.models.visual_mf_diffusion.VisualMeanFlow_VTrue_mpc4_Bdit_Emf,20260823_004343,20260823_004343,1,6:20260823_004343,0.003125,0.009716019846967516,0.004166666666666667,48.34443201970513,0.3959127992487229,0.3572916666666667,16,2,1,
13,H8_K2_Meuler_T0.5_Dmix_visual_aligning.models.visual_mf_diffusion.VisualMeanFlow_VTrue_mpc4_Bmf_dit_Emf,/u/home/llim/FMPCC/FM-PCC/logs/aligning-d3il-visual/plans/mix_visual_aligning_mf/H8_Dmix_visual_aligning.models.visual_mf_diffusion.VisualMeanFlow_a1.5_b1.0_aw1_VTrue_steps1000_bs64_Bmf_dit_Emf_tslogit_normal_VPTrue_VLR0.1_VCadaln/H8_K2_Meuler_T0.5_Dmix_visual_aligning.models.visual_mf_diffusion.VisualMeanFlow_VTrue_mpc4_Bmf_dit_Emf,20260825_184214,20260825_184214,1,6:20260825_184214,0.0,0.0,0.0,47.72693649695891,0.42313229967586447,0.478125,16,2,1,
14,H8_K100_Meuler_T0.5_Dmix_visual_aligning.models.visual_mf_diffusion.VisualMeanFlow_VTrue_mpc4_filmv1_Emf,/u/home/llim/FMPCC/FM-PCC/logs/aligning-d3il-visual/plans/mix_visual_aligning_mf/H8_Dmix_visual_aligning.models.visual_mf_diffusion.VisualMeanFlow_a1.5_b1.0_aw1_VTrue_steps1000_bs64_filmv1_Emf_tslogit_normal/H8_K100_Meuler_T0.5_Dmix_visual_aligning.models.visual_mf_diffusion.VisualMeanFlow_VTrue_mpc4_filmv1_Emf,20260802_082013,20260802_082013,1,6:20260802_082013,0.0,0.0,0.0,7940.672715261142,0.3395062073198758,0.19090909090909092,2,1,1,
15,H8_K2_Meuler_T0.5_Dmix_visual_aligning.models.visual_mf_diffusion.VisualMeanFlow_VTrue_mpc4_filmv1_Emf,/u/home/llim/FMPCC/FM-PCC/logs/aligning-d3il-visual/plans/mix_visual_aligning_mf/H8_Dmix_visual_aligning.models.visual_mf_diffusion.VisualMeanFlow_a1.5_b1.0_aw1_VTrue_steps1000_bs64_filmv1_Emf_tslogit_normal/H8_K2_Meuler_T0.5_Dmix_visual_aligning.models.visual_mf_diffusion.VisualMeanFlow_VTrue_mpc4_filmv1_Emf,20260804_225021,20260804_104636,3,6:20260804_225021,0.020175438596491225,0.022346910882205254,0.02380952380952381,62.25000586188448,0.3425429548896278,0.493859649122807,19,2,1,
16,H8_K2_Meuler_T0.5_Dmix_visual_aligning.models.visual_mf_diffusion.VisualMeanFlow_VTrue_mpc4_filmv2_Emf,/u/home/llim/FMPCC/FM-PCC/logs/aligning-d3il-visual/plans/mix_visual_aligning_mf/H8_Dmix_visual_aligning.models.visual_mf_diffusion.VisualMeanFlow_a1.5_b1.0_aw1_VTrue_steps1000_bs64_filmv2_Emf_tslogit_normal/H8_K2_Meuler_T0.5_Dmix_visual_aligning.models.visual_mf_diffusion.VisualMeanFlow_VTrue_mpc4_filmv2_Emf,20260811_035053,20260811_035053,1,6:20260811_035053,0.011458333333333334,0.01583196265996944,0.008333333333333333,50.02052231550894,0.36610831603217375,0.3427083333333334,16,2,1,
17,H8_K20_T0.5_Ddiffuser_visual_aligning.models.visual_gaussian_diffusion.VisualGaussianDiffusion_VTrue_steps400_mpc4_filmv2,/u/home/llim/FMPCC/FM-PCC/logs/aligning-d3il-visual/plans/visual_aligning_dpcc/H8_K20_Ddiffuser_visual_aligning.models.visual_gaussian_diffusion.VisualGaussianDiffusion_aw10_VTrue_steps1000_bs64_filmv2/H8_K20_T0.5_Ddiffuser_visual_aligning.models.visual_gaussian_diffusion.VisualGaussianDiffusion_VTrue_steps400_mpc4_filmv2,20260717_011450,20260707_010430,2,6:20260717_011450,0.0,0.0,0.0,1008.1121714224075,0.38814042716299296,0.21943371943371942,15,2,1,
18,d3il_baseline_ddpm_encdec_vision,/u/home/llim/FMPCC/FM-PCC/logs/d3il_visual_aligning_baseline/_DA_VA_BRIDGE_d3il_baseline/d3il_baseline_ddpm_encdec_vision,20260701_013505,20260701_013505,1,42:20260701_013505,0.0,,,22.660185185185185,0.40088680340144456,,1,1,1,
19,d3il_baseline_ddpm_encdec_vision__Bf_U3,/u/home/llim/FMPCC/FM-PCC/logs/d3il_visual_aligning_baseline/_DA_VA_BRIDGE_d3il_baseline_Bf_U3/d3il_baseline_ddpm_encdec_vision__Bf_U3,20260620_215600,20260620_130306,6,0:20260620_170326 | 1:20260620_135000 | 2:20260620_175026 | 3:20260620_130306 | 4:20260620_210858 | 42:20260620_215600,0.0028530670470756064,,,,0.39175294010190875,,1,1,6,
