Candidate,Display,Eval_Tag,scene,engine,engine_label,K,mpc_batch,controller,threshold,run_tag,backbone,data_proportion,alpha_init,alpha_end,train_K,horizon,diffusion_cls,model_name,generation,Seeds,N_Seeds,Missing_Seeds,CB_Sentinels,Latest_Snapshot,Snapshot_By_Seed,Full_Path
1,corridor|Gen11,H8_Dmodels.diffusion.FlowMatchingODE_condp_des,corridor,,,,,,,,,,,,,,,flow_matching_v3_uav,Gen11,6,1,,0,20260628_142052,6:20260628_142052,/u/home/llim/FMPCC/FM-PCC/logs/UAV_FM/uav-corridor/plans(Bf_DC-FIX)/flow_matching_v3_uav/H8_Dmodels.diffusion.FlowMatchingODE_condp_des
2,corridor|K20|Gen11,K20_mpc4_pid_stopgo_T0.5,corridor,,,20.0,4.0,pid_stopgo,0.5,,,,,,,8,,H8_Dmodels.diffusion.FlowMatchingODE_9D,Gen11,6,1,,0,20260702_053207,6:20260702_053207,/u/home/llim/FMPCC/FM-PCC/logs/UAV_FM/uav-corridor/plans(Bf_U8)/flow_matching_v3_uav/H8_Dmodels.diffusion.FlowMatchingODE_9D/K20_mpc4_pid_stopgo_T0.5
3,corridor|Gen11,H8_Dmodels.diffusion.FlowMatchingODE,corridor,,,,,,,,,,,,,,,flow_matching_v3_uav,Gen11,6,1,,0,,,/u/home/llim/FMPCC/FM-PCC/logs/UAV_FM/uav-corridor/plans(E6)/flow_matching_v3_uav/H8_Dmodels.diffusion.FlowMatchingODE
4,corridor|Gen11,H8_Dmodels.diffusion.FlowMatchingODE,corridor,,,,,,,,,,,,,,,flow_matching_v3_uav,Gen11,6,1,,0,,,/u/home/llim/FMPCC/FM-PCC/logs/UAV_FM/uav-corridor/plans(E7_U1)/flow_matching_v3_uav/H8_Dmodels.diffusion.FlowMatchingODE
5,corridor|Gen11,H8_Dmodels.diffusion.FlowMatchingODE,corridor,,,,,,,,,,,,,,,flow_matching_v3_uav,Gen11,6,1,,0,,,/u/home/llim/FMPCC/FM-PCC/logs/UAV_FM/uav-corridor/plans(E7_U3)/flow_matching_v3_uav/H8_Dmodels.diffusion.FlowMatchingODE
6,corridor|Gen11,H8_Dmodels.diffusion.FlowMatchingODE_condp_des,corridor,,,,,,,,,,,,,,,flow_matching_v3_uav,Gen11,6,1,,0,20260628_100859,6:20260628_100859,/u/home/llim/FMPCC/FM-PCC/logs/UAV_FM/uav-corridor/plans(E7_U4_fix3)/flow_matching_v3_uav/H8_Dmodels.diffusion.FlowMatchingODE_condp_des
7,corridor|K20|Gen11,K20_mpc4_pid_stopgo_T0.5,corridor,,,20.0,4.0,pid_stopgo,0.5,,,,,,,8,,H8_Dmodels.diffusion.FlowMatchingODE_9D,Gen11,6,1,,0,20260708_161114,6:20260708_161114,/u/home/llim/FMPCC/FM-PCC/logs/UAV_FM/uav-corridor/plans/flow_matching_v3_uav/H8_Dmodels.diffusion.FlowMatchingODE_9D/K20_mpc4_pid_stopgo_T0.5
8,empty|Gen11,H8_Dmodels.diffusion.FlowMatchingODE,empty,,,,,,,,,,,,,,,flow_matching_v3_uav,Gen11,6,1,,0,20260628_191449,6:20260628_191449,/u/home/llim/FMPCC/FM-PCC/logs/UAV_FM/uav-empty/plans(Bf_DC-FIX)/flow_matching_v3_uav/H8_Dmodels.diffusion.FlowMatchingODE
9,empty|K20|Gen11,K20_mpc4_pid_stopgo_T0.5,empty,,,20.0,4.0,pid_stopgo,0.5,,,,,,,8,,H8_Dmodels.diffusion.FlowMatchingODE_9D,Gen11,6,1,,0,20260703_093241,6:20260703_093241,/u/home/llim/FMPCC/FM-PCC/logs/UAV_FM/uav-empty/plans(Bf_U8)/flow_matching_v3_uav/H8_Dmodels.diffusion.FlowMatchingODE_9D/K20_mpc4_pid_stopgo_T0.5
10,empty|Gen11,H8_Dmodels.diffusion.FlowMatchingODE,empty,,,,,,,,,,,,,,,flow_matching_v3_uav,Gen11,6,1,,0,,,/u/home/llim/FMPCC/FM-PCC/logs/UAV_FM/uav-empty/plans(E6)/flow_matching_v3_uav/H8_Dmodels.diffusion.FlowMatchingODE
11,empty|Gen11,H8_Dmodels.diffusion.FlowMatchingODE,empty,,,,,,,,,,,,,,,flow_matching_v3_uav,Gen11,6,1,,0,,,/u/home/llim/FMPCC/FM-PCC/logs/UAV_FM/uav-empty/plans(E7U3)/flow_matching_v3_uav/H8_Dmodels.diffusion.FlowMatchingODE
12,pillars|Gen11,H8_Dmodels.diffusion.FlowMatchingODE,pillars,,,,,,,,,,,,,,,flow_matching_v3_uav,Gen11,6,1,,0,20260628_203215,6:20260628_203215,/u/home/llim/FMPCC/FM-PCC/logs/UAV_FM/uav-pillars/flow_matching_v3_uav/H8_Dmodels.diffusion.FlowMatchingODE
13,pillars|Gen11,H8_Dmodels.diffusion.FlowMatchingODE(12D_PID_with_anchor_P),pillars,,,,,,,,,,,,,,,flow_matching_v3_uav,Gen11,6,1,,0,20260628_203216,6:20260628_203216,/u/home/llim/FMPCC/FM-PCC/logs/UAV_FM/uav-pillars/plans(Bf_DC-FIX)/flow_matching_v3_uav/H8_Dmodels.diffusion.FlowMatchingODE(12D_PID_with_anchor_P)
14,pillars|Gen11,H8_Dmodels.diffusion.FlowMatchingODE_9D,pillars,,,,,,,,,,,,,,,flow_matching_v3_uav,Gen11,6,1,,0,20260629_174035,6:20260629_174035,/u/home/llim/FMPCC/FM-PCC/logs/UAV_FM/uav-pillars/plans(Bf_DC-FIX)/flow_matching_v3_uav/H8_Dmodels.diffusion.FlowMatchingODE_9D
15,pillars|Gen11,H8_Dmodels.diffusion.FlowMatchingODE_9D(pid_stop_go),pillars,,,,,,,,,,,,,,,flow_matching_v3_uav,Gen11,6,1,,0,20260629_152355,6:20260629_152355,/u/home/llim/FMPCC/FM-PCC/logs/UAV_FM/uav-pillars/plans(Bf_DC-FIX)/flow_matching_v3_uav/H8_Dmodels.diffusion.FlowMatchingODE_9D(pid_stop_go)
16,pillars|K20|Gen11,K20_mpc4_pid_stopgo_T0.5,pillars,,,20.0,4.0,pid_stopgo,0.5,,,,,,,8,,H8_Dmodels.diffusion.FlowMatchingODE_9D,Gen11,6,1,,0,20260706_173205,6:20260706_173205,/u/home/llim/FMPCC/FM-PCC/logs/UAV_FM/uav-pillars/plans(Bf_Fix14)/flow_matching_v3_uav/H8_Dmodels.diffusion.FlowMatchingODE_9D/K20_mpc4_pid_stopgo_T0.5
17,pillars|K20|Gen11,K20_mpc4_mjpc_T0.5,pillars,,,20.0,4.0,mjpc,0.5,,,,,,,8,,H8_Dmodels.diffusion.FlowMatchingODE_9D,Gen11,6,1,,0,20260702_150659,6:20260702_150659,/u/home/llim/FMPCC/FM-PCC/logs/UAV_FM/uav-pillars/plans(Bf_U8)/flow_matching_v3_uav/H8_Dmodels.diffusion.FlowMatchingODE_9D/K20_mpc4_mjpc_T0.5
18,pillars|K20|Gen11,K20_mpc4_pid_const_v_T0.5,pillars,,,20.0,4.0,pid_const_v,0.5,,,,,,,8,,H8_Dmodels.diffusion.FlowMatchingODE_9D,Gen11,6,1,,0,20260702_200754,6:20260702_200754,/u/home/llim/FMPCC/FM-PCC/logs/UAV_FM/uav-pillars/plans(Bf_U8)/flow_matching_v3_uav/H8_Dmodels.diffusion.FlowMatchingODE_9D/K20_mpc4_pid_const_v_T0.5
19,pillars|K20|Gen11,K20_mpc4_pid_stopgo_T0.5,pillars,,,20.0,4.0,pid_stopgo,0.5,,,,,,,8,,H8_Dmodels.diffusion.FlowMatchingODE_9D,Gen11,6,1,,0,20260704_205253,6:20260704_205253,/u/home/llim/FMPCC/FM-PCC/logs/UAV_FM/uav-pillars/plans(Bf_U8)/flow_matching_v3_uav/H8_Dmodels.diffusion.FlowMatchingODE_9D/K20_mpc4_pid_stopgo_T0.5
20,pillars|Gen11,H8_Dmodels.diffusion.FlowMatchingODE,pillars,,,,,,,,,,,,,,,flow_matching_v3_uav,Gen11,6,1,,0,,,/u/home/llim/FMPCC/FM-PCC/logs/UAV_FM/uav-pillars/plans(E7_U3)/flow_matching_v3_uav/H8_Dmodels.diffusion.FlowMatchingODE
21,pillars|Gen11,H8_Dmodels.diffusion.FlowMatchingODE,pillars,,,,,,,,,,,,,,,flow_matching_v3_uav,Gen11,6,1,,0,,,/u/home/llim/FMPCC/FM-PCC/logs/UAV_FM/uav-pillars/plans(U1)/flow_matching_v3_uav/H8_Dmodels.diffusion.FlowMatchingODE
22,pillars|K20|Gen11,K20_mpc4_pid_stopgo_T0.5,pillars,,,20.0,4.0,pid_stopgo,0.5,,,,,,,8,,H8_Dmodels.diffusion.FlowMatchingODE_9D,Gen11,6,1,,0,20260710_213343,6:20260710_213343,/u/home/llim/FMPCC/FM-PCC/logs/UAV_FM/uav-pillars/plans/flow_matching_v3_uav/H8_Dmodels.diffusion.FlowMatchingODE_9D/K20_mpc4_pid_stopgo_T0.5
23,s_curve|Gen11,H8_Dmodels.diffusion.FlowMatchingODE,s_curve,,,,,,,,,,,,,,,flow_matching_v3_uav,Gen11,6,1,,0,20260628_171438,6:20260628_171438,/u/home/llim/FMPCC/FM-PCC/logs/UAV_FM/uav-s_curve/plans(Bf_DC-FIX)/flow_matching_v3_uav/H8_Dmodels.diffusion.FlowMatchingODE
24,s_curve|K20|Gen11,K20_mpc4_pid_stopgo_T0.5,s_curve,,,20.0,4.0,pid_stopgo,0.5,,,,,,,8,,H8_Dmodels.diffusion.FlowMatchingODE_9D,Gen11,6,1,,0,,,/u/home/llim/FMPCC/FM-PCC/logs/UAV_FM/uav-s_curve/plans(Bf_DC-FIX)/flow_matching_v3_uav/H8_Dmodels.diffusion.FlowMatchingODE_9D/K20_mpc4_pid_stopgo_T0.5
25,s_curve|K20|Gen11,K20_mpc4_pid_stopgo_anchorP_T0.5,s_curve,,,20.0,4.0,pid_stopgo_anchorP,0.5,,,,,,,8,,H8_Dmodels.diffusion.FlowMatchingODE_9D,Gen11,6,1,,0,,,/u/home/llim/FMPCC/FM-PCC/logs/UAV_FM/uav-s_curve/plans(Bf_DC-FIX)/flow_matching_v3_uav/H8_Dmodels.diffusion.FlowMatchingODE_9D/K20_mpc4_pid_stopgo_anchorP_T0.5
26,s_curve|Gen11,H8_Dmodels.diffusion.FlowMatchingODE,s_curve,,,,,,,,,,,,,,,flow_matching_v3_uav,Gen11,6,1,,0,,,/u/home/llim/FMPCC/FM-PCC/logs/UAV_FM/uav-s_curve/plans(no_GIF)/flow_matching_v3_uav/H8_Dmodels.diffusion.FlowMatchingODE
27,s_curve|Gen11,H8_Dmodels.diffusion.FlowMatchingODE,s_curve,,,,,,,,,,,,,,,flow_matching_v3_uav,Gen11,6,1,,0,,,/u/home/llim/FMPCC/FM-PCC/logs/UAV_FM/uav-s_curve/plans(with_gif_parts)/flow_matching_v3_uav/H8_Dmodels.diffusion.FlowMatchingODE
28,s_curve|K20|Gen11,K20_mpc4_pid_stopgo_T0.5,s_curve,,,20.0,4.0,pid_stopgo,0.5,,,,,,,8,,H8_Dmodels.diffusion.FlowMatchingODE_9D,Gen11,6,1,,0,20260709_101109,6:20260709_101109,/u/home/llim/FMPCC/FM-PCC/logs/UAV_FM/uav-s_curve/plans/flow_matching_v3_uav/H8_Dmodels.diffusion.FlowMatchingODE_9D/K20_mpc4_pid_stopgo_T0.5
29,corridor|af|K1|bbunet|@EPlatest_u17cv2,Eaf_K1_mpc4_pid_stopgo_T0.5_EPlatest_u17cv2,corridor,af,alpha-Flow (Gen3v7),1.0,4.0,pid_stopgo,0.5,EPlatest_u17cv2,unet,,1,0.2,,8,,H8_Dmodels.af_diffusion.AlphaFlowODE_9D_as1_ae0.2_bbunet,Gen15,6,1,,0,20260913_171328,6:20260913_171328,/u/home/llim/FMPCC/FM-PCC/logs/UAV_MIX/uav-corridor/plans/mix_uav_af/H8_Dmodels.af_diffusion.AlphaFlowODE_9D_as1_ae0.2_bbunet/Eaf_K1_mpc4_pid_stopgo_T0.5_EPlatest_u17cv2
30,corridor|af|K1|bbunet|@EPlatest_u7hg,Eaf_K1_mpc4_pid_stopgo_T0.5_EPlatest_u7hg,corridor,af,alpha-Flow (Gen3v7),1.0,4.0,pid_stopgo,0.5,EPlatest_u7hg,unet,,1,0.2,,8,,H8_Dmodels.af_diffusion.AlphaFlowODE_9D_as1_ae0.2_bbunet,Gen15,6,1,,0,20260907_071511,6:20260907_071511,/u/home/llim/FMPCC/FM-PCC/logs/UAV_MIX/uav-corridor/plans/mix_uav_af/H8_Dmodels.af_diffusion.AlphaFlowODE_9D_as1_ae0.2_bbunet/Eaf_K1_mpc4_pid_stopgo_T0.5_EPlatest_u7hg
31,corridor|af|K2|bbunet|@EPlatest_u7hg,Eaf_K2_mpc4_pid_stopgo_T0.5_EPlatest_u7hg,corridor,af,alpha-Flow (Gen3v7),2.0,4.0,pid_stopgo,0.5,EPlatest_u7hg,unet,,1,0.2,,8,,H8_Dmodels.af_diffusion.AlphaFlowODE_9D_as1_ae0.2_bbunet,Gen15,6,1,,0,20260911_221930,6:20260911_221930,/u/home/llim/FMPCC/FM-PCC/logs/UAV_MIX/uav-corridor/plans/mix_uav_af/H8_Dmodels.af_diffusion.AlphaFlowODE_9D_as1_ae0.2_bbunet/Eaf_K2_mpc4_pid_stopgo_T0.5_EPlatest_u7hg
32,corridor|af|K3|bbunet|@EPlatest_u17cv2,Eaf_K3_mpc4_pid_stopgo_T0.5_EPlatest_u17cv2,corridor,af,alpha-Flow (Gen3v7),3.0,4.0,pid_stopgo,0.5,EPlatest_u17cv2,unet,,1,0.2,,8,,H8_Dmodels.af_diffusion.AlphaFlowODE_9D_as1_ae0.2_bbunet,Gen15,6,1,,0,20260918_131612,6:20260918_131612,/u/home/llim/FMPCC/FM-PCC/logs/UAV_MIX/uav-corridor/plans/mix_uav_af/H8_Dmodels.af_diffusion.AlphaFlowODE_9D_as1_ae0.2_bbunet/Eaf_K3_mpc4_pid_stopgo_T0.5_EPlatest_u17cv2
33,corridor|af|K5|bbunet|@EPlatest_u17cv2,Eaf_K5_mpc4_pid_stopgo_T0.5_EPlatest_u17cv2,corridor,af,alpha-Flow (Gen3v7),5.0,4.0,pid_stopgo,0.5,EPlatest_u17cv2,unet,,1,0.2,,8,,H8_Dmodels.af_diffusion.AlphaFlowODE_9D_as1_ae0.2_bbunet,Gen15,6,1,,0,20260918_155501,6:20260918_155501,/u/home/llim/FMPCC/FM-PCC/logs/UAV_MIX/uav-corridor/plans/mix_uav_af/H8_Dmodels.af_diffusion.AlphaFlowODE_9D_as1_ae0.2_bbunet/Eaf_K5_mpc4_pid_stopgo_T0.5_EPlatest_u17cv2
34,corridor|af|K5|bbunet|@EPlatest_u7hg,Eaf_K5_mpc4_pid_stopgo_T0.5_EPlatest_u7hg,corridor,af,alpha-Flow (Gen3v7),5.0,4.0,pid_stopgo,0.5,EPlatest_u7hg,unet,,1,0.2,,8,,H8_Dmodels.af_diffusion.AlphaFlowODE_9D_as1_ae0.2_bbunet,Gen15,6,1,,0,20260911_224040,6:20260911_224040,/u/home/llim/FMPCC/FM-PCC/logs/UAV_MIX/uav-corridor/plans/mix_uav_af/H8_Dmodels.af_diffusion.AlphaFlowODE_9D_as1_ae0.2_bbunet/Eaf_K5_mpc4_pid_stopgo_T0.5_EPlatest_u7hg
35,corridor|af|K1|bbsit,Eaf_K1_mpc4_pid_stopgo_T0.5,corridor,af,alpha-Flow (Gen3v7),1.0,4.0,pid_stopgo,0.5,,sit,,1,0,,8,,H8_Dmodels.af_diffusion.AlphaFlowODE_9D_as1_ae0_bbsit,Gen15,6,1,,0,20260823_133049,6:20260823_133049,/u/home/llim/FMPCC/FM-PCC/logs/UAV_MIX/uav-corridor/plans/mix_uav_af/H8_Dmodels.af_diffusion.AlphaFlowODE_9D_as1_ae0_bbsit/Eaf_K1_mpc4_pid_stopgo_T0.5
36,corridor|af|K2|bbsit,Eaf_K2_mpc4_pid_stopgo_T0.5,corridor,af,alpha-Flow (Gen3v7),2.0,4.0,pid_stopgo,0.5,,sit,,1,0,,8,,H8_Dmodels.af_diffusion.AlphaFlowODE_9D_as1_ae0_bbsit,Gen15,6,1,,0,20260823_165703,6:20260823_165703,/u/home/llim/FMPCC/FM-PCC/logs/UAV_MIX/uav-corridor/plans/mix_uav_af/H8_Dmodels.af_diffusion.AlphaFlowODE_9D_as1_ae0_bbsit/Eaf_K2_mpc4_pid_stopgo_T0.5
37,corridor|af|K5|bbsit,Eaf_K5_mpc4_pid_stopgo_T0.5,corridor,af,alpha-Flow (Gen3v7),5.0,4.0,pid_stopgo,0.5,,sit,,1,0,,8,,H8_Dmodels.af_diffusion.AlphaFlowODE_9D_as1_ae0_bbsit,Gen15,6,1,,0,20260823_185936,6:20260823_185936,/u/home/llim/FMPCC/FM-PCC/logs/UAV_MIX/uav-corridor/plans/mix_uav_af/H8_Dmodels.af_diffusion.AlphaFlowODE_9D_as1_ae0_bbsit/Eaf_K5_mpc4_pid_stopgo_T0.5
38,corridor|diffusion|K20|@u17cv2,Ediffusion_K20_mpc4_pid_stopgo_T0.5_u17cv2,corridor,diffusion,DDPM / DPCC baseline (GaussianDiffusion),20.0,4.0,pid_stopgo,0.5,u17cv2,,,,,20,8,,H8_Dmodels.ddpm_diffusion.GaussianDiffusion_9D_K20,Gen15,6,1,,0,20260913_211122,6:20260913_211122,/u/home/llim/FMPCC/FM-PCC/logs/UAV_MIX/uav-corridor/plans/mix_uav_diffusion/H8_Dmodels.ddpm_diffusion.GaussianDiffusion_9D_K20/Ediffusion_K20_mpc4_pid_stopgo_T0.5_u17cv2
39,corridor|fm|K10,Efm_K10_mpc4_pid_stopgo_T0.5,corridor,fm,Flow Matching (Gen11 FMv3ODE),10.0,4.0,pid_stopgo,0.5,,,,,,,8,,H8_Dmodels.diffusion.FlowMatchingODE_9D,Gen15,6,1,,0,20260819_212538,6:20260819_212538,/u/home/llim/FMPCC/FM-PCC/logs/UAV_MIX/uav-corridor/plans/mix_uav_fm/H8_Dmodels.diffusion.FlowMatchingODE_9D/Efm_K10_mpc4_pid_stopgo_T0.5
40,corridor|fm|K1,Efm_K1_mpc4_pid_stopgo_T0.5,corridor,fm,Flow Matching (Gen11 FMv3ODE),1.0,4.0,pid_stopgo,0.5,,,,,,,8,,H8_Dmodels.diffusion.FlowMatchingODE_9D,Gen15,6,1,,0,20260819_144356,6:20260819_144356,/u/home/llim/FMPCC/FM-PCC/logs/UAV_MIX/uav-corridor/plans/mix_uav_fm/H8_Dmodels.diffusion.FlowMatchingODE_9D/Efm_K1_mpc4_pid_stopgo_T0.5
41,corridor|fm|K1|@u17cv2,Efm_K1_mpc4_pid_stopgo_T0.5_u17cv2,corridor,fm,Flow Matching (Gen11 FMv3ODE),1.0,4.0,pid_stopgo,0.5,u17cv2,,,,,,8,,H8_Dmodels.diffusion.FlowMatchingODE_9D,Gen15,6,1,,0,20260913_170328,6:20260913_170328,/u/home/llim/FMPCC/FM-PCC/logs/UAV_MIX/uav-corridor/plans/mix_uav_fm/H8_Dmodels.diffusion.FlowMatchingODE_9D/Efm_K1_mpc4_pid_stopgo_T0.5_u17cv2
42,corridor|fm|K20,Efm_K20_mpc4_pid_stopgo_T0.5,corridor,fm,Flow Matching (Gen11 FMv3ODE),20.0,4.0,pid_stopgo,0.5,,,,,,,8,,H8_Dmodels.diffusion.FlowMatchingODE_9D,Gen15,6,1,,0,20260819_232044,6:20260819_232044,/u/home/llim/FMPCC/FM-PCC/logs/UAV_MIX/uav-corridor/plans/mix_uav_fm/H8_Dmodels.diffusion.FlowMatchingODE_9D/Efm_K20_mpc4_pid_stopgo_T0.5
43,corridor|fm|K2,Efm_K2_mpc4_pid_stopgo_T0.5,corridor,fm,Flow Matching (Gen11 FMv3ODE),2.0,4.0,pid_stopgo,0.5,,,,,,,8,,H8_Dmodels.diffusion.FlowMatchingODE_9D,Gen15,6,1,,0,20260819_182530,6:20260819_182530,/u/home/llim/FMPCC/FM-PCC/logs/UAV_MIX/uav-corridor/plans/mix_uav_fm/H8_Dmodels.diffusion.FlowMatchingODE_9D/Efm_K2_mpc4_pid_stopgo_T0.5
44,corridor|fm|K2|@u7hg,Efm_K2_mpc4_pid_stopgo_T0.5_u7hg,corridor,fm,Flow Matching (Gen11 FMv3ODE),2.0,4.0,pid_stopgo,0.5,u7hg,,,,,,8,,H8_Dmodels.diffusion.FlowMatchingODE_9D,Gen15,6,1,,0,20260912_042149,6:20260912_042149,/u/home/llim/FMPCC/FM-PCC/logs/UAV_MIX/uav-corridor/plans/mix_uav_fm/H8_Dmodels.diffusion.FlowMatchingODE_9D/Efm_K2_mpc4_pid_stopgo_T0.5_u7hg
45,corridor|fm|K3|@u17cv2,Efm_K3_mpc4_pid_stopgo_T0.5_u17cv2,corridor,fm,Flow Matching (Gen11 FMv3ODE),3.0,4.0,pid_stopgo,0.5,u17cv2,,,,,,8,,H8_Dmodels.diffusion.FlowMatchingODE_9D,Gen15,6,1,,0,20260918_133628,6:20260918_133628,/u/home/llim/FMPCC/FM-PCC/logs/UAV_MIX/uav-corridor/plans/mix_uav_fm/H8_Dmodels.diffusion.FlowMatchingODE_9D/Efm_K3_mpc4_pid_stopgo_T0.5_u17cv2
46,corridor|fm|K5,Efm_K5_mpc4_pid_stopgo_T0.5,corridor,fm,Flow Matching (Gen11 FMv3ODE),5.0,4.0,pid_stopgo,0.5,,,,,,,8,,H8_Dmodels.diffusion.FlowMatchingODE_9D,Gen15,6,1,,0,20260819_193352,6:20260819_193352,/u/home/llim/FMPCC/FM-PCC/logs/UAV_MIX/uav-corridor/plans/mix_uav_fm/H8_Dmodels.diffusion.FlowMatchingODE_9D/Efm_K5_mpc4_pid_stopgo_T0.5
47,corridor|fm|K5|@u17cv2,Efm_K5_mpc4_pid_stopgo_T0.5_u17cv2,corridor,fm,Flow Matching (Gen11 FMv3ODE),5.0,4.0,pid_stopgo,0.5,u17cv2,,,,,,8,,H8_Dmodels.diffusion.FlowMatchingODE_9D,Gen15,6,1,,0,20260918_152727,6:20260918_152727,/u/home/llim/FMPCC/FM-PCC/logs/UAV_MIX/uav-corridor/plans/mix_uav_fm/H8_Dmodels.diffusion.FlowMatchingODE_9D/Efm_K5_mpc4_pid_stopgo_T0.5_u17cv2
48,corridor|fm|K5|@u7hg,Efm_K5_mpc4_pid_stopgo_T0.5_u7hg,corridor,fm,Flow Matching (Gen11 FMv3ODE),5.0,4.0,pid_stopgo,0.5,u7hg,,,,,,8,,H8_Dmodels.diffusion.FlowMatchingODE_9D,Gen15,6,1,,0,20260912_012710,6:20260912_012710,/u/home/llim/FMPCC/FM-PCC/logs/UAV_MIX/uav-corridor/plans/mix_uav_fm/H8_Dmodels.diffusion.FlowMatchingODE_9D/Efm_K5_mpc4_pid_stopgo_T0.5_u7hg
49,corridor|mf|K10|bbunet|dp0.5,Emf_K10_mpc4_pid_stopgo_T0.5,corridor,mf,MeanFlow (Gen3v6),10.0,4.0,pid_stopgo,0.5,,unet,0.5,,,,8,,H8_Dmodels.mf_diffusion.MeanFlowODE_9D_dp0.5_bbunet,Gen15,6,1,,0,20260820_171218,6:20260820_171218,/u/home/llim/FMPCC/FM-PCC/logs/UAV_MIX/uav-corridor/plans/mix_uav_mf/H8_Dmodels.mf_diffusion.MeanFlowODE_9D_dp0.5_bbunet/Emf_K10_mpc4_pid_stopgo_T0.5
50,corridor|mf|K10|bbunet|dp0.5|@u7hg,Emf_K10_mpc4_pid_stopgo_T0.5_u7hg,corridor,mf,MeanFlow (Gen3v6),10.0,4.0,pid_stopgo,0.5,u7hg,unet,0.5,,,,8,,H8_Dmodels.mf_diffusion.MeanFlowODE_9D_dp0.5_bbunet,Gen15,6,1,,0,20260912_233317,6:20260912_233317,/u/home/llim/FMPCC/FM-PCC/logs/UAV_MIX/uav-corridor/plans/mix_uav_mf/H8_Dmodels.mf_diffusion.MeanFlowODE_9D_dp0.5_bbunet/Emf_K10_mpc4_pid_stopgo_T0.5_u7hg
51,corridor|mf|K1|bbunet|dp0.5,Emf_K1_mpc4_pid_stopgo_T0.5,corridor,mf,MeanFlow (Gen3v6),1.0,4.0,pid_stopgo,0.5,,unet,0.5,,,,8,,H8_Dmodels.mf_diffusion.MeanFlowODE_9D_dp0.5_bbunet,Gen15,6,1,,0,20260820_104902,6:20260820_104902,/u/home/llim/FMPCC/FM-PCC/logs/UAV_MIX/uav-corridor/plans/mix_uav_mf/H8_Dmodels.mf_diffusion.MeanFlowODE_9D_dp0.5_bbunet/Emf_K1_mpc4_pid_stopgo_T0.5
52,corridor|mf|K1|bbunet|dp0.5|@u17cv2,Emf_K1_mpc4_pid_stopgo_T0.5_u17cv2,corridor,mf,MeanFlow (Gen3v6),1.0,4.0,pid_stopgo,0.5,u17cv2,unet,0.5,,,,8,,H8_Dmodels.mf_diffusion.MeanFlowODE_9D_dp0.5_bbunet,Gen15,6,1,,0,20260913_165535,6:20260913_165535,/u/home/llim/FMPCC/FM-PCC/logs/UAV_MIX/uav-corridor/plans/mix_uav_mf/H8_Dmodels.mf_diffusion.MeanFlowODE_9D_dp0.5_bbunet/Emf_K1_mpc4_pid_stopgo_T0.5_u17cv2
53,corridor|mf|K20|bbunet|dp0.5,Emf_K20_mpc4_pid_stopgo_T0.5,corridor,mf,MeanFlow (Gen3v6),20.0,4.0,pid_stopgo,0.5,,unet,0.5,,,,8,,H8_Dmodels.mf_diffusion.MeanFlowODE_9D_dp0.5_bbunet,Gen15,6,1,,0,20260820_220831,6:20260820_220831,/u/home/llim/FMPCC/FM-PCC/logs/UAV_MIX/uav-corridor/plans/mix_uav_mf/H8_Dmodels.mf_diffusion.MeanFlowODE_9D_dp0.5_bbunet/Emf_K20_mpc4_pid_stopgo_T0.5
54,corridor|mf|K2|bbunet|dp0.5,Emf_K2_mpc4_pid_stopgo_T0.5,corridor,mf,MeanFlow (Gen3v6),2.0,4.0,pid_stopgo,0.5,,unet,0.5,,,,8,,H8_Dmodels.mf_diffusion.MeanFlowODE_9D_dp0.5_bbunet,Gen15,6,1,,0,20260820_104904,6:20260820_104904,/u/home/llim/FMPCC/FM-PCC/logs/UAV_MIX/uav-corridor/plans/mix_uav_mf/H8_Dmodels.mf_diffusion.MeanFlowODE_9D_dp0.5_bbunet/Emf_K2_mpc4_pid_stopgo_T0.5
55,corridor|mf|K2|bbunet|dp0.5|@u7hg,Emf_K2_mpc4_pid_stopgo_T0.5_u7hg,corridor,mf,MeanFlow (Gen3v6),2.0,4.0,pid_stopgo,0.5,u7hg,unet,0.5,,,,8,,H8_Dmodels.mf_diffusion.MeanFlowODE_9D_dp0.5_bbunet,Gen15,6,1,,0,20260912_230238,6:20260912_230238,/u/home/llim/FMPCC/FM-PCC/logs/UAV_MIX/uav-corridor/plans/mix_uav_mf/H8_Dmodels.mf_diffusion.MeanFlowODE_9D_dp0.5_bbunet/Emf_K2_mpc4_pid_stopgo_T0.5_u7hg
56,corridor|mf|K3|bbunet|dp0.5|@u17cv2,Emf_K3_mpc4_pid_stopgo_T0.5_u17cv2,corridor,mf,MeanFlow (Gen3v6),3.0,4.0,pid_stopgo,0.5,u17cv2,unet,0.5,,,,8,,H8_Dmodels.mf_diffusion.MeanFlowODE_9D_dp0.5_bbunet,Gen15,6,1,,0,20260918_162447,6:20260918_162447,/u/home/llim/FMPCC/FM-PCC/logs/UAV_MIX/uav-corridor/plans/mix_uav_mf/H8_Dmodels.mf_diffusion.MeanFlowODE_9D_dp0.5_bbunet/Emf_K3_mpc4_pid_stopgo_T0.5_u17cv2
57,corridor|mf|K3|bbunet|dp0.5|@u7hg,Emf_K3_mpc4_pid_stopgo_T0.5_u7hg,corridor,mf,MeanFlow (Gen3v6),3.0,4.0,pid_stopgo,0.5,u7hg,unet,0.5,,,,8,,H8_Dmodels.mf_diffusion.MeanFlowODE_9D_dp0.5_bbunet,Gen15,6,1,,0,20260913_154814,6:20260913_154814,/u/home/llim/FMPCC/FM-PCC/logs/UAV_MIX/uav-corridor/plans/mix_uav_mf/H8_Dmodels.mf_diffusion.MeanFlowODE_9D_dp0.5_bbunet/Emf_K3_mpc4_pid_stopgo_T0.5_u7hg
58,corridor|mf|K3|bbunet|dp0.5|@u7hg(debugging_with_demo_gif),Emf_K3_mpc4_pid_stopgo_T0.5_u7hg(debugging_with_demo_gif),corridor,mf,MeanFlow (Gen3v6),3.0,4.0,pid_stopgo,0.5,u7hg(debugging_with_demo_gif),unet,0.5,,,,8,,H8_Dmodels.mf_diffusion.MeanFlowODE_9D_dp0.5_bbunet,Gen15,6,1,,0,20260913_130134,6:20260913_130134,/u/home/llim/FMPCC/FM-PCC/logs/UAV_MIX/uav-corridor/plans/mix_uav_mf/H8_Dmodels.mf_diffusion.MeanFlowODE_9D_dp0.5_bbunet/Emf_K3_mpc4_pid_stopgo_T0.5_u7hg(debugging_with_demo_gif)
59,corridor|mf|K5|bbunet|dp0.5,Emf_K5_mpc4_pid_stopgo_T0.5,corridor,mf,MeanFlow (Gen3v6),5.0,4.0,pid_stopgo,0.5,,unet,0.5,,,,8,,H8_Dmodels.mf_diffusion.MeanFlowODE_9D_dp0.5_bbunet,Gen15,6,1,,0,20260820_164530,6:20260820_164530,/u/home/llim/FMPCC/FM-PCC/logs/UAV_MIX/uav-corridor/plans/mix_uav_mf/H8_Dmodels.mf_diffusion.MeanFlowODE_9D_dp0.5_bbunet/Emf_K5_mpc4_pid_stopgo_T0.5
60,corridor|mf|K5|bbunet|dp0.5|@u17cv2,Emf_K5_mpc4_pid_stopgo_T0.5_u17cv2,corridor,mf,MeanFlow (Gen3v6),5.0,4.0,pid_stopgo,0.5,u17cv2,unet,0.5,,,,8,,H8_Dmodels.mf_diffusion.MeanFlowODE_9D_dp0.5_bbunet,Gen15,6,1,,0,20260918_164517,6:20260918_164517,/u/home/llim/FMPCC/FM-PCC/logs/UAV_MIX/uav-corridor/plans/mix_uav_mf/H8_Dmodels.mf_diffusion.MeanFlowODE_9D_dp0.5_bbunet/Emf_K5_mpc4_pid_stopgo_T0.5_u17cv2
61,corridor|mf|K5|bbunet|dp0.5|@u7hg,Emf_K5_mpc4_pid_stopgo_T0.5_u7hg,corridor,mf,MeanFlow (Gen3v6),5.0,4.0,pid_stopgo,0.5,u7hg,unet,0.5,,,,8,,H8_Dmodels.mf_diffusion.MeanFlowODE_9D_dp0.5_bbunet,Gen15,6,1,,0,20260912_230237,6:20260912_230237,/u/home/llim/FMPCC/FM-PCC/logs/UAV_MIX/uav-corridor/plans/mix_uav_mf/H8_Dmodels.mf_diffusion.MeanFlowODE_9D_dp0.5_bbunet/Emf_K5_mpc4_pid_stopgo_T0.5_u7hg
62,pillars|af|K1|bbunet|@EPlatest_u6unet_ae02,Eaf_K1_mpc4_pid_stopgo_T0.5_EPlatest_u6unet_ae02,pillars,af,alpha-Flow (Gen3v7),1.0,4.0,pid_stopgo,0.5,EPlatest_u6unet_ae02,unet,,1,0.2,,8,,H8_Dmodels.af_diffusion.AlphaFlowODE_9D_as1_ae0.2_bbunet,Gen15,6,1,,0,20260905_015012,6:20260905_015012,/u/home/llim/FMPCC/FM-PCC/logs/UAV_MIX/uav-pillars/plans/mix_uav_af/H8_Dmodels.af_diffusion.AlphaFlowODE_9D_as1_ae0.2_bbunet/Eaf_K1_mpc4_pid_stopgo_T0.5_EPlatest_u6unet_ae02
63,pillars|af|K1|bbunet|@EPlatest_u7hg,Eaf_K1_mpc4_pid_stopgo_T0.5_EPlatest_u7hg,pillars,af,alpha-Flow (Gen3v7),1.0,4.0,pid_stopgo,0.5,EPlatest_u7hg,unet,,1,0.2,,8,,H8_Dmodels.af_diffusion.AlphaFlowODE_9D_as1_ae0.2_bbunet,Gen15,6,1,,0,20260907_075325,6:20260907_075325,/u/home/llim/FMPCC/FM-PCC/logs/UAV_MIX/uav-pillars/plans/mix_uav_af/H8_Dmodels.af_diffusion.AlphaFlowODE_9D_as1_ae0.2_bbunet/Eaf_K1_mpc4_pid_stopgo_T0.5_EPlatest_u7hg
64,pillars|af|K1|bbunet|@EPlatest_u7xl,Eaf_K1_mpc4_pid_stopgo_T0.5_EPlatest_u7xl,pillars,af,alpha-Flow (Gen3v7),1.0,4.0,pid_stopgo,0.5,EPlatest_u7xl,unet,,1,0.2,,8,,H8_Dmodels.af_diffusion.AlphaFlowODE_9D_as1_ae0.2_bbunet,Gen15,6,1,,0,20260919_222021,6:20260919_222021,/u/home/llim/FMPCC/FM-PCC/logs/UAV_MIX/uav-pillars/plans/mix_uav_af/H8_Dmodels.af_diffusion.AlphaFlowODE_9D_as1_ae0.2_bbunet/Eaf_K1_mpc4_pid_stopgo_T0.5_EPlatest_u7xl
65,pillars|af|K2|bbunet|@EPlatest_u6unet_ae02,Eaf_K2_mpc4_pid_stopgo_T0.5_EPlatest_u6unet_ae02,pillars,af,alpha-Flow (Gen3v7),2.0,4.0,pid_stopgo,0.5,EPlatest_u6unet_ae02,unet,,1,0.2,,8,,H8_Dmodels.af_diffusion.AlphaFlowODE_9D_as1_ae0.2_bbunet,Gen15,6,1,,0,20260905_025928,6:20260905_025928,/u/home/llim/FMPCC/FM-PCC/logs/UAV_MIX/uav-pillars/plans/mix_uav_af/H8_Dmodels.af_diffusion.AlphaFlowODE_9D_as1_ae0.2_bbunet/Eaf_K2_mpc4_pid_stopgo_T0.5_EPlatest_u6unet_ae02
66,pillars|af|K2|bbunet|@EPlatest_u7hg,Eaf_K2_mpc4_pid_stopgo_T0.5_EPlatest_u7hg,pillars,af,alpha-Flow (Gen3v7),2.0,4.0,pid_stopgo,0.5,EPlatest_u7hg,unet,,1,0.2,,8,,H8_Dmodels.af_diffusion.AlphaFlowODE_9D_as1_ae0.2_bbunet,Gen15,6,1,,0,20260907_095135,6:20260907_095135,/u/home/llim/FMPCC/FM-PCC/logs/UAV_MIX/uav-pillars/plans/mix_uav_af/H8_Dmodels.af_diffusion.AlphaFlowODE_9D_as1_ae0.2_bbunet/Eaf_K2_mpc4_pid_stopgo_T0.5_EPlatest_u7hg
67,pillars|af|K2|bbunet|@EPlatest_u7hga1,Eaf_K2_mpc4_pid_stopgo_T0.5_EPlatest_u7hga1,pillars,af,alpha-Flow (Gen3v7),2.0,4.0,pid_stopgo,0.5,EPlatest_u7hga1,unet,,1,0.2,,8,,H8_Dmodels.af_diffusion.AlphaFlowODE_9D_as1_ae0.2_bbunet,Gen15,6,1,,0,20260919_080017,6:20260919_080017,/u/home/llim/FMPCC/FM-PCC/logs/UAV_MIX/uav-pillars/plans/mix_uav_af/H8_Dmodels.af_diffusion.AlphaFlowODE_9D_as1_ae0.2_bbunet/Eaf_K2_mpc4_pid_stopgo_T0.5_EPlatest_u7hga1
68,pillars|af|K2|bbunet|@EPlatest_u7xl,Eaf_K2_mpc4_pid_stopgo_T0.5_EPlatest_u7xl,pillars,af,alpha-Flow (Gen3v7),2.0,4.0,pid_stopgo,0.5,EPlatest_u7xl,unet,,1,0.2,,8,,H8_Dmodels.af_diffusion.AlphaFlowODE_9D_as1_ae0.2_bbunet,Gen15,6,1,,0,20260919_235429,6:20260919_235429,/u/home/llim/FMPCC/FM-PCC/logs/UAV_MIX/uav-pillars/plans/mix_uav_af/H8_Dmodels.af_diffusion.AlphaFlowODE_9D_as1_ae0.2_bbunet/Eaf_K2_mpc4_pid_stopgo_T0.5_EPlatest_u7xl
69,pillars|af|K5|bbunet|@EPlatest_u7hg,Eaf_K5_mpc4_pid_stopgo_T0.5_EPlatest_u7hg,pillars,af,alpha-Flow (Gen3v7),5.0,4.0,pid_stopgo,0.5,EPlatest_u7hg,unet,,1,0.2,,8,,H8_Dmodels.af_diffusion.AlphaFlowODE_9D_as1_ae0.2_bbunet,Gen15,6,1,,0,20260909_225534,6:20260909_225534,/u/home/llim/FMPCC/FM-PCC/logs/UAV_MIX/uav-pillars/plans/mix_uav_af/H8_Dmodels.af_diffusion.AlphaFlowODE_9D_as1_ae0.2_bbunet/Eaf_K5_mpc4_pid_stopgo_T0.5_EPlatest_u7hg
70,pillars|af|K5|bbunet|@EPlatest_u7xl,Eaf_K5_mpc4_pid_stopgo_T0.5_EPlatest_u7xl,pillars,af,alpha-Flow (Gen3v7),5.0,4.0,pid_stopgo,0.5,EPlatest_u7xl,unet,,1,0.2,,8,,H8_Dmodels.af_diffusion.AlphaFlowODE_9D_as1_ae0.2_bbunet,Gen15,6,1,,0,20260921_203349,6:20260921_203349,/u/home/llim/FMPCC/FM-PCC/logs/UAV_MIX/uav-pillars/plans/mix_uav_af/H8_Dmodels.af_diffusion.AlphaFlowODE_9D_as1_ae0.2_bbunet/Eaf_K5_mpc4_pid_stopgo_T0.5_EPlatest_u7xl
71,pillars|af|K1|bbsit,Eaf_K1_mpc4_pid_stopgo_T0.5,pillars,af,alpha-Flow (Gen3v7),1.0,4.0,pid_stopgo,0.5,,sit,,1,0,,8,,H8_Dmodels.af_diffusion.AlphaFlowODE_9D_as1_ae0_bbsit,Gen15,6,1,,0,20260829_051944,6:20260829_051944,/u/home/llim/FMPCC/FM-PCC/logs/UAV_MIX/uav-pillars/plans/mix_uav_af/H8_Dmodels.af_diffusion.AlphaFlowODE_9D_as1_ae0_bbsit/Eaf_K1_mpc4_pid_stopgo_T0.5
72,pillars|af|K1|bbsit|@u6sitlatest,Eaf_K1_mpc4_pid_stopgo_T0.5_u6sitlatest,pillars,af,alpha-Flow (Gen3v7),1.0,4.0,pid_stopgo,0.5,u6sitlatest,sit,,1,0,,8,,H8_Dmodels.af_diffusion.AlphaFlowODE_9D_as1_ae0_bbsit,Gen15,6,1,,0,20260904_134847,6:20260904_134847,/u/home/llim/FMPCC/FM-PCC/logs/UAV_MIX/uav-pillars/plans/mix_uav_af/H8_Dmodels.af_diffusion.AlphaFlowODE_9D_as1_ae0_bbsit/Eaf_K1_mpc4_pid_stopgo_T0.5_u6sitlatest
73,pillars|af|K2|bbsit,Eaf_K2_mpc4_pid_stopgo_T0.5,pillars,af,alpha-Flow (Gen3v7),2.0,4.0,pid_stopgo,0.5,,sit,,1,0,,8,,H8_Dmodels.af_diffusion.AlphaFlowODE_9D_as1_ae0_bbsit,Gen15,6,1,,0,20260829_064323,6:20260829_064323,/u/home/llim/FMPCC/FM-PCC/logs/UAV_MIX/uav-pillars/plans/mix_uav_af/H8_Dmodels.af_diffusion.AlphaFlowODE_9D_as1_ae0_bbsit/Eaf_K2_mpc4_pid_stopgo_T0.5
74,pillars|af|K2|bbsit|@u6sitlatest,Eaf_K2_mpc4_pid_stopgo_T0.5_u6sitlatest,pillars,af,alpha-Flow (Gen3v7),2.0,4.0,pid_stopgo,0.5,u6sitlatest,sit,,1,0,,8,,H8_Dmodels.af_diffusion.AlphaFlowODE_9D_as1_ae0_bbsit,Gen15,6,1,,0,20260904_144659,6:20260904_144659,/u/home/llim/FMPCC/FM-PCC/logs/UAV_MIX/uav-pillars/plans/mix_uav_af/H8_Dmodels.af_diffusion.AlphaFlowODE_9D_as1_ae0_bbsit/Eaf_K2_mpc4_pid_stopgo_T0.5_u6sitlatest
75,pillars|af|K5|bbsit,Eaf_K5_mpc4_pid_stopgo_T0.5,pillars,af,alpha-Flow (Gen3v7),5.0,4.0,pid_stopgo,0.5,,sit,,1,0,,8,,H8_Dmodels.af_diffusion.AlphaFlowODE_9D_as1_ae0_bbsit,Gen15,6,1,,0,20260829_081433,6:20260829_081433,/u/home/llim/FMPCC/FM-PCC/logs/UAV_MIX/uav-pillars/plans/mix_uav_af/H8_Dmodels.af_diffusion.AlphaFlowODE_9D_as1_ae0_bbsit/Eaf_K5_mpc4_pid_stopgo_T0.5
76,pillars|diffusion|K20|@u7hg,Ediffusion_K20_mpc4_pid_stopgo_T0.5_u7hg,pillars,diffusion,DDPM / DPCC baseline (GaussianDiffusion),20.0,4.0,pid_stopgo,0.5,u7hg,,,,,20,8,,H8_Dmodels.ddpm_diffusion.GaussianDiffusion_9D_K20,Gen15,6,1,,0,20260918_121501,6:20260918_121501,/u/home/llim/FMPCC/FM-PCC/logs/UAV_MIX/uav-pillars/plans/mix_uav_diffusion/H8_Dmodels.ddpm_diffusion.GaussianDiffusion_9D_K20/Ediffusion_K20_mpc4_pid_stopgo_T0.5_u7hg
77,pillars|diffusion|K20|@u7xl,Ediffusion_K20_mpc4_pid_stopgo_T0.5_u7xl,pillars,diffusion,DDPM / DPCC baseline (GaussianDiffusion),20.0,4.0,pid_stopgo,0.5,u7xl,,,,,20,8,,H8_Dmodels.ddpm_diffusion.GaussianDiffusion_9D_K20,Gen15,6,1,,0,20260919_111842,6:20260919_111842,/u/home/llim/FMPCC/FM-PCC/logs/UAV_MIX/uav-pillars/plans/mix_uav_diffusion/H8_Dmodels.ddpm_diffusion.GaussianDiffusion_9D_K20/Ediffusion_K20_mpc4_pid_stopgo_T0.5_u7xl
78,pillars|fm|K10,Efm_K10_mpc4_pid_stopgo_T0.5,pillars,fm,Flow Matching (Gen11 FMv3ODE),10.0,4.0,pid_stopgo,0.5,,,,,,,8,,H8_Dmodels.diffusion.FlowMatchingODE_9D,Gen15,6,1,,6,20260818_130346,6:20260818_130346,/u/home/llim/FMPCC/FM-PCC/logs/UAV_MIX/uav-pillars/plans/mix_uav_fm/H8_Dmodels.diffusion.FlowMatchingODE_9D/Efm_K10_mpc4_pid_stopgo_T0.5
79,pillars|fm|K1,Efm_K1_mpc4_pid_stopgo_T0.5,pillars,fm,Flow Matching (Gen11 FMv3ODE),1.0,4.0,pid_stopgo,0.5,,,,,,,8,,H8_Dmodels.diffusion.FlowMatchingODE_9D,Gen15,6,1,,0,20260827_172555,6:20260827_172555,/u/home/llim/FMPCC/FM-PCC/logs/UAV_MIX/uav-pillars/plans/mix_uav_fm/H8_Dmodels.diffusion.FlowMatchingODE_9D/Efm_K1_mpc4_pid_stopgo_T0.5
80,pillars|fm|K1|@u7hg,Efm_K1_mpc4_pid_stopgo_T0.5_u7hg,pillars,fm,Flow Matching (Gen11 FMv3ODE),1.0,4.0,pid_stopgo,0.5,u7hg,,,,,,8,,H8_Dmodels.diffusion.FlowMatchingODE_9D,Gen15,6,1,,0,20260918_135530,6:20260918_135530,/u/home/llim/FMPCC/FM-PCC/logs/UAV_MIX/uav-pillars/plans/mix_uav_fm/H8_Dmodels.diffusion.FlowMatchingODE_9D/Efm_K1_mpc4_pid_stopgo_T0.5_u7hg
81,pillars|fm|K1|@u7xl,Efm_K1_mpc4_pid_stopgo_T0.5_u7xl,pillars,fm,Flow Matching (Gen11 FMv3ODE),1.0,4.0,pid_stopgo,0.5,u7xl,,,,,,8,,H8_Dmodels.diffusion.FlowMatchingODE_9D,Gen15,6,1,,0,20260920_011523,6:20260920_011523,/u/home/llim/FMPCC/FM-PCC/logs/UAV_MIX/uav-pillars/plans/mix_uav_fm/H8_Dmodels.diffusion.FlowMatchingODE_9D/Efm_K1_mpc4_pid_stopgo_T0.5_u7xl
82,pillars|fm|K20,Efm_K20_mpc4_pid_stopgo_T0.5,pillars,fm,Flow Matching (Gen11 FMv3ODE),20.0,4.0,pid_stopgo,0.5,,,,,,,8,,H8_Dmodels.diffusion.FlowMatchingODE_9D,Gen15,6,1,,3,20260827_234036,6:20260827_234036,/u/home/llim/FMPCC/FM-PCC/logs/UAV_MIX/uav-pillars/plans/mix_uav_fm/H8_Dmodels.diffusion.FlowMatchingODE_9D/Efm_K20_mpc4_pid_stopgo_T0.5
83,pillars|fm|K2,Efm_K2_mpc4_pid_stopgo_T0.5,pillars,fm,Flow Matching (Gen11 FMv3ODE),2.0,4.0,pid_stopgo,0.5,,,,,,,8,,H8_Dmodels.diffusion.FlowMatchingODE_9D,Gen15,6,1,,0,20260827_203140,6:20260827_203140,/u/home/llim/FMPCC/FM-PCC/logs/UAV_MIX/uav-pillars/plans/mix_uav_fm/H8_Dmodels.diffusion.FlowMatchingODE_9D/Efm_K2_mpc4_pid_stopgo_T0.5
84,pillars|fm|K2|@u7hg,Efm_K2_mpc4_pid_stopgo_T0.5_u7hg,pillars,fm,Flow Matching (Gen11 FMv3ODE),2.0,4.0,pid_stopgo,0.5,u7hg,,,,,,8,,H8_Dmodels.diffusion.FlowMatchingODE_9D,Gen15,6,1,,0,20260906_052101,6:20260906_052101,/u/home/llim/FMPCC/FM-PCC/logs/UAV_MIX/uav-pillars/plans/mix_uav_fm/H8_Dmodels.diffusion.FlowMatchingODE_9D/Efm_K2_mpc4_pid_stopgo_T0.5_u7hg
85,pillars|fm|K2|@u7hga1,Efm_K2_mpc4_pid_stopgo_T0.5_u7hga1,pillars,fm,Flow Matching (Gen11 FMv3ODE),2.0,4.0,pid_stopgo,0.5,u7hga1,,,,,,8,,H8_Dmodels.diffusion.FlowMatchingODE_9D,Gen15,6,1,,0,20260918_121504,6:20260918_121504,/u/home/llim/FMPCC/FM-PCC/logs/UAV_MIX/uav-pillars/plans/mix_uav_fm/H8_Dmodels.diffusion.FlowMatchingODE_9D/Efm_K2_mpc4_pid_stopgo_T0.5_u7hga1
86,pillars|fm|K2|@u7xl,Efm_K2_mpc4_pid_stopgo_T0.5_u7xl,pillars,fm,Flow Matching (Gen11 FMv3ODE),2.0,4.0,pid_stopgo,0.5,u7xl,,,,,,8,,H8_Dmodels.diffusion.FlowMatchingODE_9D,Gen15,6,1,,0,20260920_111902,6:20260920_111902,/u/home/llim/FMPCC/FM-PCC/logs/UAV_MIX/uav-pillars/plans/mix_uav_fm/H8_Dmodels.diffusion.FlowMatchingODE_9D/Efm_K2_mpc4_pid_stopgo_T0.5_u7xl
87,pillars|fm|K5,Efm_K5_mpc4_pid_stopgo_T0.5,pillars,fm,Flow Matching (Gen11 FMv3ODE),5.0,4.0,pid_stopgo,0.5,,,,,,,8,,H8_Dmodels.diffusion.FlowMatchingODE_9D,Gen15,6,1,,0,20260827_234031,6:20260827_234031,/u/home/llim/FMPCC/FM-PCC/logs/UAV_MIX/uav-pillars/plans/mix_uav_fm/H8_Dmodels.diffusion.FlowMatchingODE_9D/Efm_K5_mpc4_pid_stopgo_T0.5
88,pillars|fm|K5|@u7hg,Efm_K5_mpc4_pid_stopgo_T0.5_u7hg,pillars,fm,Flow Matching (Gen11 FMv3ODE),5.0,4.0,pid_stopgo,0.5,u7hg,,,,,,8,,H8_Dmodels.diffusion.FlowMatchingODE_9D,Gen15,6,1,,0,20260907_061842,6:20260907_061842,/u/home/llim/FMPCC/FM-PCC/logs/UAV_MIX/uav-pillars/plans/mix_uav_fm/H8_Dmodels.diffusion.FlowMatchingODE_9D/Efm_K5_mpc4_pid_stopgo_T0.5_u7hg
89,pillars|fm|K5|@u7xl,Efm_K5_mpc4_pid_stopgo_T0.5_u7xl,pillars,fm,Flow Matching (Gen11 FMv3ODE),5.0,4.0,pid_stopgo,0.5,u7xl,,,,,,8,,H8_Dmodels.diffusion.FlowMatchingODE_9D,Gen15,6,1,,0,20260921_172641,6:20260921_172641,/u/home/llim/FMPCC/FM-PCC/logs/UAV_MIX/uav-pillars/plans/mix_uav_fm/H8_Dmodels.diffusion.FlowMatchingODE_9D/Efm_K5_mpc4_pid_stopgo_T0.5_u7xl
90,pillars|mf|K10|bbunet|dp0.5,Emf_K10_mpc4_pid_stopgo_T0.5,pillars,mf,MeanFlow (Gen3v6),10.0,4.0,pid_stopgo,0.5,,unet,0.5,,,,8,,H8_Dmodels.mf_diffusion.MeanFlowODE_9D_dp0.5_bbunet,Gen15,6,1,,0,20260816_205837,6:20260816_205837,/u/home/llim/FMPCC/FM-PCC/logs/UAV_MIX/uav-pillars/plans/mix_uav_mf/H8_Dmodels.mf_diffusion.MeanFlowODE_9D_dp0.5_bbunet/Emf_K10_mpc4_pid_stopgo_T0.5
91,pillars|mf|K1|bbunet|dp0.5,Emf_K1_mpc4_pid_stopgo_T0.5,pillars,mf,MeanFlow (Gen3v6),1.0,4.0,pid_stopgo,0.5,,unet,0.5,,,,8,,H8_Dmodels.mf_diffusion.MeanFlowODE_9D_dp0.5_bbunet,Gen15,6,1,,0,20260828_134908,6:20260828_134908,/u/home/llim/FMPCC/FM-PCC/logs/UAV_MIX/uav-pillars/plans/mix_uav_mf/H8_Dmodels.mf_diffusion.MeanFlowODE_9D_dp0.5_bbunet/Emf_K1_mpc4_pid_stopgo_T0.5
92,pillars|mf|K1|bbunet|dp0.5|@fix16legacy,Emf_K1_mpc4_pid_stopgo_T0.5_fix16legacy,pillars,mf,MeanFlow (Gen3v6),1.0,4.0,pid_stopgo,0.5,fix16legacy,unet,0.5,,,,8,,H8_Dmodels.mf_diffusion.MeanFlowODE_9D_dp0.5_bbunet,Gen15,6,1,,0,20260903_004411,6:20260903_004411,/u/home/llim/FMPCC/FM-PCC/logs/UAV_MIX/uav-pillars/plans/mix_uav_mf/H8_Dmodels.mf_diffusion.MeanFlowODE_9D_dp0.5_bbunet/Emf_K1_mpc4_pid_stopgo_T0.5_fix16legacy
93,pillars|mf|K1|bbunet|dp0.5|@fix16scaled,Emf_K1_mpc4_pid_stopgo_T0.5_fix16scaled,pillars,mf,MeanFlow (Gen3v6),1.0,4.0,pid_stopgo,0.5,fix16scaled,unet,0.5,,,,8,,H8_Dmodels.mf_diffusion.MeanFlowODE_9D_dp0.5_bbunet,Gen15,6,1,,0,20260903_105414,6:20260903_105414,/u/home/llim/FMPCC/FM-PCC/logs/UAV_MIX/uav-pillars/plans/mix_uav_mf/H8_Dmodels.mf_diffusion.MeanFlowODE_9D_dp0.5_bbunet/Emf_K1_mpc4_pid_stopgo_T0.5_fix16scaled
94,pillars|mf|K1|bbunet|dp0.5|@u7hg,Emf_K1_mpc4_pid_stopgo_T0.5_u7hg,pillars,mf,MeanFlow (Gen3v6),1.0,4.0,pid_stopgo,0.5,u7hg,unet,0.5,,,,8,,H8_Dmodels.mf_diffusion.MeanFlowODE_9D_dp0.5_bbunet,Gen15,6,1,,0,20260919_083936,6:20260919_083936,/u/home/llim/FMPCC/FM-PCC/logs/UAV_MIX/uav-pillars/plans/mix_uav_mf/H8_Dmodels.mf_diffusion.MeanFlowODE_9D_dp0.5_bbunet/Emf_K1_mpc4_pid_stopgo_T0.5_u7hg
95,pillars|mf|K1|bbunet|dp0.5|@u7xl,Emf_K1_mpc4_pid_stopgo_T0.5_u7xl,pillars,mf,MeanFlow (Gen3v6),1.0,4.0,pid_stopgo,0.5,u7xl,unet,0.5,,,,8,,H8_Dmodels.mf_diffusion.MeanFlowODE_9D_dp0.5_bbunet,Gen15,6,1,,0,20260919_192217,6:20260919_192217,/u/home/llim/FMPCC/FM-PCC/logs/UAV_MIX/uav-pillars/plans/mix_uav_mf/H8_Dmodels.mf_diffusion.MeanFlowODE_9D_dp0.5_bbunet/Emf_K1_mpc4_pid_stopgo_T0.5_u7xl
96,pillars|mf|K2|bbunet|dp0.5,Emf_K2_mpc4_pid_stopgo_T0.5,pillars,mf,MeanFlow (Gen3v6),2.0,4.0,pid_stopgo,0.5,,unet,0.5,,,,8,,H8_Dmodels.mf_diffusion.MeanFlowODE_9D_dp0.5_bbunet,Gen15,6,1,,0,20260828_152951,6:20260828_152951,/u/home/llim/FMPCC/FM-PCC/logs/UAV_MIX/uav-pillars/plans/mix_uav_mf/H8_Dmodels.mf_diffusion.MeanFlowODE_9D_dp0.5_bbunet/Emf_K2_mpc4_pid_stopgo_T0.5
97,pillars|mf|K2|bbunet|dp0.5|@fix16legacy,Emf_K2_mpc4_pid_stopgo_T0.5_fix16legacy,pillars,mf,MeanFlow (Gen3v6),2.0,4.0,pid_stopgo,0.5,fix16legacy,unet,0.5,,,,8,,H8_Dmodels.mf_diffusion.MeanFlowODE_9D_dp0.5_bbunet,Gen15,6,1,,0,20260903_014809,6:20260903_014809,/u/home/llim/FMPCC/FM-PCC/logs/UAV_MIX/uav-pillars/plans/mix_uav_mf/H8_Dmodels.mf_diffusion.MeanFlowODE_9D_dp0.5_bbunet/Emf_K2_mpc4_pid_stopgo_T0.5_fix16legacy
98,pillars|mf|K2|bbunet|dp0.5|@fix16scaled,Emf_K2_mpc4_pid_stopgo_T0.5_fix16scaled,pillars,mf,MeanFlow (Gen3v6),2.0,4.0,pid_stopgo,0.5,fix16scaled,unet,0.5,,,,8,,H8_Dmodels.mf_diffusion.MeanFlowODE_9D_dp0.5_bbunet,Gen15,6,1,,0,20260903_121928,6:20260903_121928,/u/home/llim/FMPCC/FM-PCC/logs/UAV_MIX/uav-pillars/plans/mix_uav_mf/H8_Dmodels.mf_diffusion.MeanFlowODE_9D_dp0.5_bbunet/Emf_K2_mpc4_pid_stopgo_T0.5_fix16scaled
99,pillars|mf|K2|bbunet|dp0.5|@u7hg,Emf_K2_mpc4_pid_stopgo_T0.5_u7hg,pillars,mf,MeanFlow (Gen3v6),2.0,4.0,pid_stopgo,0.5,u7hg,unet,0.5,,,,8,,H8_Dmodels.mf_diffusion.MeanFlowODE_9D_dp0.5_bbunet,Gen15,6,1,,0,20260906_034144,6:20260906_034144,/u/home/llim/FMPCC/FM-PCC/logs/UAV_MIX/uav-pillars/plans/mix_uav_mf/H8_Dmodels.mf_diffusion.MeanFlowODE_9D_dp0.5_bbunet/Emf_K2_mpc4_pid_stopgo_T0.5_u7hg
100,pillars|mf|K2|bbunet|dp0.5|@u7hga1,Emf_K2_mpc4_pid_stopgo_T0.5_u7hga1,pillars,mf,MeanFlow (Gen3v6),2.0,4.0,pid_stopgo,0.5,u7hga1,unet,0.5,,,,8,,H8_Dmodels.mf_diffusion.MeanFlowODE_9D_dp0.5_bbunet,Gen15,6,1,,0,20260918_143346,6:20260918_143346,/u/home/llim/FMPCC/FM-PCC/logs/UAV_MIX/uav-pillars/plans/mix_uav_mf/H8_Dmodels.mf_diffusion.MeanFlowODE_9D_dp0.5_bbunet/Emf_K2_mpc4_pid_stopgo_T0.5_u7hga1
101,pillars|mf|K2|bbunet|dp0.5|@u7xl,Emf_K2_mpc4_pid_stopgo_T0.5_u7xl,pillars,mf,MeanFlow (Gen3v6),2.0,4.0,pid_stopgo,0.5,u7xl,unet,0.5,,,,8,,H8_Dmodels.mf_diffusion.MeanFlowODE_9D_dp0.5_bbunet,Gen15,6,1,,0,20260919_205555,6:20260919_205555,/u/home/llim/FMPCC/FM-PCC/logs/UAV_MIX/uav-pillars/plans/mix_uav_mf/H8_Dmodels.mf_diffusion.MeanFlowODE_9D_dp0.5_bbunet/Emf_K2_mpc4_pid_stopgo_T0.5_u7xl
102,pillars|mf|K5|bbunet|dp0.5,Emf_K5_mpc4_pid_stopgo_T0.5,pillars,mf,MeanFlow (Gen3v6),5.0,4.0,pid_stopgo,0.5,,unet,0.5,,,,8,,H8_Dmodels.mf_diffusion.MeanFlowODE_9D_dp0.5_bbunet,Gen15,6,1,,0,20260828_171343,6:20260828_171343,/u/home/llim/FMPCC/FM-PCC/logs/UAV_MIX/uav-pillars/plans/mix_uav_mf/H8_Dmodels.mf_diffusion.MeanFlowODE_9D_dp0.5_bbunet/Emf_K5_mpc4_pid_stopgo_T0.5
103,pillars|mf|K5|bbunet|dp0.5|@fix16legacy,Emf_K5_mpc4_pid_stopgo_T0.5_fix16legacy,pillars,mf,MeanFlow (Gen3v6),5.0,4.0,pid_stopgo,0.5,fix16legacy,unet,0.5,,,,8,,H8_Dmodels.mf_diffusion.MeanFlowODE_9D_dp0.5_bbunet,Gen15,6,1,,0,20260903_025350,6:20260903_025350,/u/home/llim/FMPCC/FM-PCC/logs/UAV_MIX/uav-pillars/plans/mix_uav_mf/H8_Dmodels.mf_diffusion.MeanFlowODE_9D_dp0.5_bbunet/Emf_K5_mpc4_pid_stopgo_T0.5_fix16legacy
104,pillars|mf|K5|bbunet|dp0.5|@fix16scaled,Emf_K5_mpc4_pid_stopgo_T0.5_fix16scaled,pillars,mf,MeanFlow (Gen3v6),5.0,4.0,pid_stopgo,0.5,fix16scaled,unet,0.5,,,,8,,H8_Dmodels.mf_diffusion.MeanFlowODE_9D_dp0.5_bbunet,Gen15,6,1,,0,20260903_123850,6:20260903_123850,/u/home/llim/FMPCC/FM-PCC/logs/UAV_MIX/uav-pillars/plans/mix_uav_mf/H8_Dmodels.mf_diffusion.MeanFlowODE_9D_dp0.5_bbunet/Emf_K5_mpc4_pid_stopgo_T0.5_fix16scaled
105,pillars|mf|K5|bbunet|dp0.5|@u7hg,Emf_K5_mpc4_pid_stopgo_T0.5_u7hg,pillars,mf,MeanFlow (Gen3v6),5.0,4.0,pid_stopgo,0.5,u7hg,unet,0.5,,,,8,,H8_Dmodels.mf_diffusion.MeanFlowODE_9D_dp0.5_bbunet,Gen15,6,1,,0,20260908_105040,6:20260908_105040,/u/home/llim/FMPCC/FM-PCC/logs/UAV_MIX/uav-pillars/plans/mix_uav_mf/H8_Dmodels.mf_diffusion.MeanFlowODE_9D_dp0.5_bbunet/Emf_K5_mpc4_pid_stopgo_T0.5_u7hg
106,pillars|mf|K5|bbunet|dp0.5|@u7xl,Emf_K5_mpc4_pid_stopgo_T0.5_u7xl,pillars,mf,MeanFlow (Gen3v6),5.0,4.0,pid_stopgo,0.5,u7xl,unet,0.5,,,,8,,H8_Dmodels.mf_diffusion.MeanFlowODE_9D_dp0.5_bbunet,Gen15,6,1,,0,20260921_074416,6:20260921_074416,/u/home/llim/FMPCC/FM-PCC/logs/UAV_MIX/uav-pillars/plans/mix_uav_mf/H8_Dmodels.mf_diffusion.MeanFlowODE_9D_dp0.5_bbunet/Emf_K5_mpc4_pid_stopgo_T0.5_u7xl
107,pillars|mf|K5|bbunet|dp0.5|@u7xlchk,Emf_K5_mpc4_pid_stopgo_T0.5_u7xlchk,pillars,mf,MeanFlow (Gen3v6),5.0,4.0,pid_stopgo,0.5,u7xlchk,unet,0.5,,,,8,,H8_Dmodels.mf_diffusion.MeanFlowODE_9D_dp0.5_bbunet,Gen15,6,1,,0,20260919_092455,6:20260919_092455,/u/home/llim/FMPCC/FM-PCC/logs/UAV_MIX/uav-pillars/plans/mix_uav_mf/H8_Dmodels.mf_diffusion.MeanFlowODE_9D_dp0.5_bbunet/Emf_K5_mpc4_pid_stopgo_T0.5_u7xlchk
108,s_curve|diffusion|K20,Ediffusion_K20_mpc4_pid_stopgo_T0.5,s_curve,diffusion,DDPM / DPCC baseline (GaussianDiffusion),20.0,4.0,pid_stopgo,0.5,,,,,,20,8,,H8_Dmodels.ddpm_diffusion.GaussianDiffusion_9D_K20,Gen15,6,1,,0,20260826_093227,6:20260826_093227,/u/home/llim/FMPCC/FM-PCC/logs/UAV_MIX/uav-s_curve/plans(Bf_U5)/mix_uav_diffusion/H8_Dmodels.ddpm_diffusion.GaussianDiffusion_9D_K20/Ediffusion_K20_mpc4_pid_stopgo_T0.5
109,s_curve|fm|K10,Efm_K10_mpc4_pid_stopgo_T0.5,s_curve,fm,Flow Matching (Gen11 FMv3ODE),10.0,4.0,pid_stopgo,0.5,,,,,,,8,,H8_Dmodels.diffusion.FlowMatchingODE_9D,Gen15,6,1,,0,20260826_194532,6:20260826_194532,/u/home/llim/FMPCC/FM-PCC/logs/UAV_MIX/uav-s_curve/plans(Bf_U5)/mix_uav_fm/H8_Dmodels.diffusion.FlowMatchingODE_9D/Efm_K10_mpc4_pid_stopgo_T0.5
110,s_curve|fm|K1,Efm_K1_mpc4_pid_stopgo_T0.5,s_curve,fm,Flow Matching (Gen11 FMv3ODE),1.0,4.0,pid_stopgo,0.5,,,,,,,8,,H8_Dmodels.diffusion.FlowMatchingODE_9D,Gen15,6,1,,0,20260826_144000,6:20260826_144000,/u/home/llim/FMPCC/FM-PCC/logs/UAV_MIX/uav-s_curve/plans(Bf_U5)/mix_uav_fm/H8_Dmodels.diffusion.FlowMatchingODE_9D/Efm_K1_mpc4_pid_stopgo_T0.5
111,s_curve|fm|K20,Efm_K20_mpc4_pid_stopgo_T0.5,s_curve,fm,Flow Matching (Gen11 FMv3ODE),20.0,4.0,pid_stopgo,0.5,,,,,,,8,,H8_Dmodels.diffusion.FlowMatchingODE_9D,Gen15,6,1,,0,20260825_203152,6:20260825_203152,/u/home/llim/FMPCC/FM-PCC/logs/UAV_MIX/uav-s_curve/plans(Bf_U5)/mix_uav_fm/H8_Dmodels.diffusion.FlowMatchingODE_9D/Efm_K20_mpc4_pid_stopgo_T0.5
112,s_curve|fm|K2,Efm_K2_mpc4_pid_stopgo_T0.5,s_curve,fm,Flow Matching (Gen11 FMv3ODE),2.0,4.0,pid_stopgo,0.5,,,,,,,8,,H8_Dmodels.diffusion.FlowMatchingODE_9D,Gen15,6,1,,0,20260826_152812,6:20260826_152812,/u/home/llim/FMPCC/FM-PCC/logs/UAV_MIX/uav-s_curve/plans(Bf_U5)/mix_uav_fm/H8_Dmodels.diffusion.FlowMatchingODE_9D/Efm_K2_mpc4_pid_stopgo_T0.5
113,s_curve|fm|K5,Efm_K5_mpc4_pid_stopgo_T0.5,s_curve,fm,Flow Matching (Gen11 FMv3ODE),5.0,4.0,pid_stopgo,0.5,,,,,,,8,,H8_Dmodels.diffusion.FlowMatchingODE_9D,Gen15,6,1,,0,20260826_162435,6:20260826_162435,/u/home/llim/FMPCC/FM-PCC/logs/UAV_MIX/uav-s_curve/plans(Bf_U5)/mix_uav_fm/H8_Dmodels.diffusion.FlowMatchingODE_9D/Efm_K5_mpc4_pid_stopgo_T0.5
114,s_curve|mf|K10|bbunet|dp0.5,Emf_K10_mpc4_pid_stopgo_T0.5,s_curve,mf,MeanFlow (Gen3v6),10.0,4.0,pid_stopgo,0.5,,unet,0.5,,,,8,,H8_Dmodels.mf_diffusion.MeanFlowODE_9D_dp0.5_bbunet,Gen15,6,1,,0,20260827_061938,6:20260827_061938,/u/home/llim/FMPCC/FM-PCC/logs/UAV_MIX/uav-s_curve/plans(Bf_U5)/mix_uav_mf/H8_Dmodels.mf_diffusion.MeanFlowODE_9D_dp0.5_bbunet/Emf_K10_mpc4_pid_stopgo_T0.5
115,s_curve|mf|K1|bbunet|dp0.5,Emf_K1_mpc4_pid_stopgo_T0.5,s_curve,mf,MeanFlow (Gen3v6),1.0,4.0,pid_stopgo,0.5,,unet,0.5,,,,8,,H8_Dmodels.mf_diffusion.MeanFlowODE_9D_dp0.5_bbunet,Gen15,6,1,,0,20260827_013305,6:20260827_013305,/u/home/llim/FMPCC/FM-PCC/logs/UAV_MIX/uav-s_curve/plans(Bf_U5)/mix_uav_mf/H8_Dmodels.mf_diffusion.MeanFlowODE_9D_dp0.5_bbunet/Emf_K1_mpc4_pid_stopgo_T0.5
116,s_curve|mf|K20|bbunet|dp0.5,Emf_K20_mpc4_pid_stopgo_T0.5,s_curve,mf,MeanFlow (Gen3v6),20.0,4.0,pid_stopgo,0.5,,unet,0.5,,,,8,,H8_Dmodels.mf_diffusion.MeanFlowODE_9D_dp0.5_bbunet,Gen15,6,1,,0,20260825_215437,6:20260825_215437,/u/home/llim/FMPCC/FM-PCC/logs/UAV_MIX/uav-s_curve/plans(Bf_U5)/mix_uav_mf/H8_Dmodels.mf_diffusion.MeanFlowODE_9D_dp0.5_bbunet/Emf_K20_mpc4_pid_stopgo_T0.5
117,s_curve|mf|K2|bbunet|dp0.5,Emf_K2_mpc4_pid_stopgo_T0.5,s_curve,mf,MeanFlow (Gen3v6),2.0,4.0,pid_stopgo,0.5,,unet,0.5,,,,8,,H8_Dmodels.mf_diffusion.MeanFlowODE_9D_dp0.5_bbunet,Gen15,6,1,,0,20260827_015822,6:20260827_015822,/u/home/llim/FMPCC/FM-PCC/logs/UAV_MIX/uav-s_curve/plans(Bf_U5)/mix_uav_mf/H8_Dmodels.mf_diffusion.MeanFlowODE_9D_dp0.5_bbunet/Emf_K2_mpc4_pid_stopgo_T0.5
118,s_curve|mf|K5|bbunet|dp0.5,Emf_K5_mpc4_pid_stopgo_T0.5,s_curve,mf,MeanFlow (Gen3v6),5.0,4.0,pid_stopgo,0.5,,unet,0.5,,,,8,,H8_Dmodels.mf_diffusion.MeanFlowODE_9D_dp0.5_bbunet,Gen15,6,1,,0,20260827_022656,6:20260827_022656,/u/home/llim/FMPCC/FM-PCC/logs/UAV_MIX/uav-s_curve/plans(Bf_U5)/mix_uav_mf/H8_Dmodels.mf_diffusion.MeanFlowODE_9D_dp0.5_bbunet/Emf_K5_mpc4_pid_stopgo_T0.5
119,s_curve|af|K1|bbunet|@EPlatest_u6unet_ae02,Eaf_K1_mpc4_pid_stopgo_T0.5_EPlatest_u6unet_ae02,s_curve,af,alpha-Flow (Gen3v7),1.0,4.0,pid_stopgo,0.5,EPlatest_u6unet_ae02,unet,,1,0.2,,8,,H8_Dmodels.af_diffusion.AlphaFlowODE_9D_as1_ae0.2_bbunet,Gen15,6,1,,0,20260906_095817,6:20260906_095817,/u/home/llim/FMPCC/FM-PCC/logs/UAV_MIX/uav-s_curve/plans/mix_uav_af/H8_Dmodels.af_diffusion.AlphaFlowODE_9D_as1_ae0.2_bbunet/Eaf_K1_mpc4_pid_stopgo_T0.5_EPlatest_u6unet_ae02
120,s_curve|af|K2|bbunet|@EPlatest_u6unet_ae02,Eaf_K2_mpc4_pid_stopgo_T0.5_EPlatest_u6unet_ae02,s_curve,af,alpha-Flow (Gen3v7),2.0,4.0,pid_stopgo,0.5,EPlatest_u6unet_ae02,unet,,1,0.2,,8,,H8_Dmodels.af_diffusion.AlphaFlowODE_9D_as1_ae0.2_bbunet,Gen15,6,1,,0,20260906_110830,6:20260906_110830,/u/home/llim/FMPCC/FM-PCC/logs/UAV_MIX/uav-s_curve/plans/mix_uav_af/H8_Dmodels.af_diffusion.AlphaFlowODE_9D_as1_ae0.2_bbunet/Eaf_K2_mpc4_pid_stopgo_T0.5_EPlatest_u6unet_ae02
121,s_curve|af|K5|bbunet|@EPlatest_u18sc,Eaf_K5_mpc4_pid_stopgo_T0.5_EPlatest_u18sc,s_curve,af,alpha-Flow (Gen3v7),5.0,4.0,pid_stopgo,0.5,EPlatest_u18sc,unet,,1,0.2,,8,,H8_Dmodels.af_diffusion.AlphaFlowODE_9D_as1_ae0.2_bbunet,Gen15,6,1,,0,20260919_050805,6:20260919_050805,/u/home/llim/FMPCC/FM-PCC/logs/UAV_MIX/uav-s_curve/plans/mix_uav_af/H8_Dmodels.af_diffusion.AlphaFlowODE_9D_as1_ae0.2_bbunet/Eaf_K5_mpc4_pid_stopgo_T0.5_EPlatest_u18sc
122,s_curve|af|K5|bbunet|@EPlatest_u6unet_ae02,Eaf_K5_mpc4_pid_stopgo_T0.5_EPlatest_u6unet_ae02,s_curve,af,alpha-Flow (Gen3v7),5.0,4.0,pid_stopgo,0.5,EPlatest_u6unet_ae02,unet,,1,0.2,,8,,H8_Dmodels.af_diffusion.AlphaFlowODE_9D_as1_ae0.2_bbunet,Gen15,6,1,,0,20260906_115232,6:20260906_115232,/u/home/llim/FMPCC/FM-PCC/logs/UAV_MIX/uav-s_curve/plans/mix_uav_af/H8_Dmodels.af_diffusion.AlphaFlowODE_9D_as1_ae0.2_bbunet/Eaf_K5_mpc4_pid_stopgo_T0.5_EPlatest_u6unet_ae02
123,s_curve|af|K5|bbunet|@EPlatest_u7hg,Eaf_K5_mpc4_pid_stopgo_T0.5_EPlatest_u7hg,s_curve,af,alpha-Flow (Gen3v7),5.0,4.0,pid_stopgo,0.5,EPlatest_u7hg,unet,,1,0.2,,8,,H8_Dmodels.af_diffusion.AlphaFlowODE_9D_as1_ae0.2_bbunet,Gen15,6,1,,0,20260911_105136,6:20260911_105136,/u/home/llim/FMPCC/FM-PCC/logs/UAV_MIX/uav-s_curve/plans/mix_uav_af/H8_Dmodels.af_diffusion.AlphaFlowODE_9D_as1_ae0.2_bbunet/Eaf_K5_mpc4_pid_stopgo_T0.5_EPlatest_u7hg
124,s_curve|af|K2|bbsit|@u6unet_ae0,Eaf_K2_mpc4_pid_stopgo_T0.5_u6unet_ae0,s_curve,af,alpha-Flow (Gen3v7),2.0,4.0,pid_stopgo,0.5,u6unet_ae0,sit,,1,0,,8,,H8_Dmodels.af_diffusion.AlphaFlowODE_9D_as1_ae0_bbsit,Gen15,6,1,,0,20260904_202454,6:20260904_202454,/u/home/llim/FMPCC/FM-PCC/logs/UAV_MIX/uav-s_curve/plans/mix_uav_af/H8_Dmodels.af_diffusion.AlphaFlowODE_9D_as1_ae0_bbsit/Eaf_K2_mpc4_pid_stopgo_T0.5_u6unet_ae0
125,s_curve|af|K5|bbsit|@u6unet_ae0,Eaf_K5_mpc4_pid_stopgo_T0.5_u6unet_ae0,s_curve,af,alpha-Flow (Gen3v7),5.0,4.0,pid_stopgo,0.5,u6unet_ae0,sit,,1,0,,8,,H8_Dmodels.af_diffusion.AlphaFlowODE_9D_as1_ae0_bbsit,Gen15,6,1,,0,20260904_212748,6:20260904_212748,/u/home/llim/FMPCC/FM-PCC/logs/UAV_MIX/uav-s_curve/plans/mix_uav_af/H8_Dmodels.af_diffusion.AlphaFlowODE_9D_as1_ae0_bbsit/Eaf_K5_mpc4_pid_stopgo_T0.5_u6unet_ae0
126,s_curve|diffusion|K20,Ediffusion_K20_mpc4_pid_stopgo_T0.5,s_curve,diffusion,DDPM / DPCC baseline (GaussianDiffusion),20.0,4.0,pid_stopgo,0.5,,,,,,20,8,,H8_Dmodels.ddpm_diffusion.GaussianDiffusion_9D_K20,Gen15,6,1,,0,20260828_234046,6:20260828_234046,/u/home/llim/FMPCC/FM-PCC/logs/UAV_MIX/uav-s_curve/plans/mix_uav_diffusion/H8_Dmodels.ddpm_diffusion.GaussianDiffusion_9D_K20/Ediffusion_K20_mpc4_pid_stopgo_T0.5
127,s_curve|diffusion|K20|@u7hg,Ediffusion_K20_mpc4_pid_stopgo_T0.5_u7hg,s_curve,diffusion,DDPM / DPCC baseline (GaussianDiffusion),20.0,4.0,pid_stopgo,0.5,u7hg,,,,,20,8,,H8_Dmodels.ddpm_diffusion.GaussianDiffusion_9D_K20,Gen15,6,1,,0,20260910_170529,6:20260910_170529,/u/home/llim/FMPCC/FM-PCC/logs/UAV_MIX/uav-s_curve/plans/mix_uav_diffusion/H8_Dmodels.ddpm_diffusion.GaussianDiffusion_9D_K20/Ediffusion_K20_mpc4_pid_stopgo_T0.5_u7hg
128,s_curve|fm|K20|@u18sc,Efm_K20_mpc4_pid_stopgo_T0.5_u18sc,s_curve,fm,Flow Matching (Gen11 FMv3ODE),20.0,4.0,pid_stopgo,0.5,u18sc,,,,,,8,,H8_Dmodels.diffusion.FlowMatchingODE_9D,Gen15,6,1,,0,20260918_171514,6:20260918_171514,/u/home/llim/FMPCC/FM-PCC/logs/UAV_MIX/uav-s_curve/plans/mix_uav_fm/H8_Dmodels.diffusion.FlowMatchingODE_9D/Efm_K20_mpc4_pid_stopgo_T0.5_u18sc
129,s_curve|fm|K20|@u7hg,Efm_K20_mpc4_pid_stopgo_T0.5_u7hg,s_curve,fm,Flow Matching (Gen11 FMv3ODE),20.0,4.0,pid_stopgo,0.5,u7hg,,,,,,8,,H8_Dmodels.diffusion.FlowMatchingODE_9D,Gen15,6,1,,0,20260909_222700,6:20260909_222700,/u/home/llim/FMPCC/FM-PCC/logs/UAV_MIX/uav-s_curve/plans/mix_uav_fm/H8_Dmodels.diffusion.FlowMatchingODE_9D/Efm_K20_mpc4_pid_stopgo_T0.5_u7hg
130,s_curve|fm|K2|@u7hg,Efm_K2_mpc4_pid_stopgo_T0.5_u7hg,s_curve,fm,Flow Matching (Gen11 FMv3ODE),2.0,4.0,pid_stopgo,0.5,u7hg,,,,,,8,,H8_Dmodels.diffusion.FlowMatchingODE_9D,Gen15,6,1,,0,20260906_063033,6:20260906_063033,/u/home/llim/FMPCC/FM-PCC/logs/UAV_MIX/uav-s_curve/plans/mix_uav_fm/H8_Dmodels.diffusion.FlowMatchingODE_9D/Efm_K2_mpc4_pid_stopgo_T0.5_u7hg
131,s_curve|mf|K10|bbunet|dp0.5|@u7hg,Emf_K10_mpc4_mjpc_T0.5_u7hg,s_curve,mf,MeanFlow (Gen3v6),10.0,4.0,mjpc,0.5,u7hg,unet,0.5,,,,8,,H8_Dmodels.mf_diffusion.MeanFlowODE_9D_dp0.5_bbunet,Gen15,6,1,,0,20260909_132007,6:20260909_132007,/u/home/llim/FMPCC/FM-PCC/logs/UAV_MIX/uav-s_curve/plans/mix_uav_mf/H8_Dmodels.mf_diffusion.MeanFlowODE_9D_dp0.5_bbunet/Emf_K10_mpc4_mjpc_T0.5_u7hg
132,s_curve|mf|K10|bbunet|dp0.5|@u18sc,Emf_K10_mpc4_pid_stopgo_T0.5_u18sc,s_curve,mf,MeanFlow (Gen3v6),10.0,4.0,pid_stopgo,0.5,u18sc,unet,0.5,,,,8,,H8_Dmodels.mf_diffusion.MeanFlowODE_9D_dp0.5_bbunet,Gen15,6,1,,0,20260918_221416,6:20260918_221416,/u/home/llim/FMPCC/FM-PCC/logs/UAV_MIX/uav-s_curve/plans/mix_uav_mf/H8_Dmodels.mf_diffusion.MeanFlowODE_9D_dp0.5_bbunet/Emf_K10_mpc4_pid_stopgo_T0.5_u18sc
133,s_curve|mf|K10|bbunet|dp0.5|@u7hg,Emf_K10_mpc4_pid_stopgo_T0.5_u7hg,s_curve,mf,MeanFlow (Gen3v6),10.0,4.0,pid_stopgo,0.5,u7hg,unet,0.5,,,,8,,H8_Dmodels.mf_diffusion.MeanFlowODE_9D_dp0.5_bbunet,Gen15,6,1,,0,20260908_103035,6:20260908_103035,/u/home/llim/FMPCC/FM-PCC/logs/UAV_MIX/uav-s_curve/plans/mix_uav_mf/H8_Dmodels.mf_diffusion.MeanFlowODE_9D_dp0.5_bbunet/Emf_K10_mpc4_pid_stopgo_T0.5_u7hg
134,s_curve|mf|K2|bbunet|dp0.5|@u7hg,Emf_K2_mpc4_pid_stopgo_T0.5_u7hg,s_curve,mf,MeanFlow (Gen3v6),2.0,4.0,pid_stopgo,0.5,u7hg,unet,0.5,,,,8,,H8_Dmodels.mf_diffusion.MeanFlowODE_9D_dp0.5_bbunet,Gen15,6,1,,0,20260906_052749,6:20260906_052749,/u/home/llim/FMPCC/FM-PCC/logs/UAV_MIX/uav-s_curve/plans/mix_uav_mf/H8_Dmodels.mf_diffusion.MeanFlowODE_9D_dp0.5_bbunet/Emf_K2_mpc4_pid_stopgo_T0.5_u7hg
