Candidate_Letter,Folder_Name,Full_Path,Accuracy,Accuracy_Std,Time_ms,Time_Std,Robustness_Score,Missing_Seeds
1,H8_K20_Meuler_T0.5_Dfm_visual_avoiding.models.visual_gaussian_diffusion.VisualFlowMatching_VTrue_mpc4,/u/home/llim/FMPCC/FM-PCC/logs/avoiding-d3il-visual/plans/fm_visual_avoiding(unfull)/H8_K20_Meuler_T0.5_Dfm_visual_avoiding.models.visual_gaussian_diffusion.VisualFlowMatching/H8_K20_Meuler_T0.5_Dfm_visual_avoiding.models.visual_gaussian_diffusion.VisualFlowMatching_VTrue_mpc4,0.75,,9.212572100576624,,0.5168448687485785,"[7, 8, 9, 10]"
2,(old_no_mpc_traj)H8_K20_Meuler_T0.5_Dfm_visual_avoiding.models.visual_gaussian_diffusion.VisualFlowMatching_VTrue_mpc4,/u/home/llim/FMPCC/FM-PCC/logs/avoiding-d3il-visual/plans/fm_visual_avoiding/H8_K20_Meuler_T0.5_Dfm_visual_avoiding.models.visual_gaussian_diffusion.VisualFlowMatching/(old_no_mpc_traj)H8_K20_Meuler_T0.5_Dfm_visual_avoiding.models.visual_gaussian_diffusion.VisualFlowMatching_VTrue_mpc4,0.6161616161616162,,8.094547430308419,,2.0408155975726667,
3,H8_K20_Meuler_T0.5_Dfm_visual_avoiding.models.visual_gaussian_diffusion.VisualFlowMatching_VTrue_mpc4_filmv1,/u/home/llim/FMPCC/FM-PCC/logs/avoiding-d3il-visual/plans/fm_visual_avoiding/H8_K20_Meuler_T0.5_Dfm_visual_avoiding.models.visual_gaussian_diffusion.VisualFlowMatching/H8_K20_Meuler_T0.5_Dfm_visual_avoiding.models.visual_gaussian_diffusion.VisualFlowMatching_VTrue_mpc4_filmv1,0.5,,0.8241979767380122,,1.8683474537588556,"[7, 8, 9, 10]"
4,H8_K20_Meuler_T0.5_Dfm_visual_avoiding.models.visual_gaussian_diffusion.VisualFlowMatching_VTrue_mpc4_filmv2,/u/home/llim/FMPCC/FM-PCC/logs/avoiding-d3il-visual/plans/fm_visual_avoiding/H8_K20_Meuler_T0.5_Dfm_visual_avoiding.models.visual_gaussian_diffusion.VisualFlowMatching/H8_K20_Meuler_T0.5_Dfm_visual_avoiding.models.visual_gaussian_diffusion.VisualFlowMatching_VTrue_mpc4_filmv2,0.75,,4.03206348055337,,2.197861748206062,"[7, 8, 9, 10]"
5,H8_K20_T0.5_Ddiffuser_visual_avoiding.models.visual_gaussian_diffusion.VisualGaussianDiffusion_VTrue_steps200_mpc4,/u/home/llim/FMPCC/FM-PCC/logs/avoiding-d3il-visual/plans/visual_avoiding_dpcc(unfull)/H8_K20_Ddiffuser_visual_avoiding.models.visual_gaussian_diffusion.VisualGaussianDiffusion_aw10_VTrue_steps200_bs64/H8_K20_T0.5_Ddiffuser_visual_avoiding.models.visual_gaussian_diffusion.VisualGaussianDiffusion_VTrue_steps200_mpc4,0.75,,0.4862641585061558,,1.0712038919393247,"[7, 8, 9, 10]"
6,H8_K20_T0.5_Ddiffuser_visual_avoiding.models.visual_gaussian_diffusion.VisualGaussianDiffusion_VTrue_steps200_mpc4,/u/home/llim/FMPCC/FM-PCC/logs/avoiding-d3il-visual/plans/visual_avoiding_dpcc/H8_K20_Ddiffuser_visual_avoiding.models.visual_gaussian_diffusion.VisualGaussianDiffusion_aw10_VTrue_steps200_bs64/H8_K20_T0.5_Ddiffuser_visual_avoiding.models.visual_gaussian_diffusion.VisualGaussianDiffusion_VTrue_steps200_mpc4,0.5666666666666667,,0.5660697696761865,,1.9548480255231746,
7,H8_K10_Dmodels.GaussianDiffusion_aw10_thres0.5,/u/home/llim/FMPCC/FM-PCC/logs/avoiding-d3il/plans/diffusion/H8_K10_Dmodels.GaussianDiffusion_aw10_thres0.5,0.6333333333333333,,0.29867651375087007,,1.8607837442932074,
8,H8_K1_T0.5_Dmodels.GaussianDiffusion,/u/home/llim/FMPCC/FM-PCC/logs/avoiding-d3il/plans/diffusion/H8_K1_Dmodels.GaussianDiffusion_aw10/H8_K1_T0.5_Dmodels.GaussianDiffusion,0.3333333333333333,,0.03230712276475573,,2.6469204726694575,
9,H8_K20_T0.5_Dmodels.GaussianDiffusion,/u/home/llim/FMPCC/FM-PCC/logs/avoiding-d3il/plans/diffusion/H8_K20_Dmodels.GaussianDiffusion_aw10/H8_K20_T0.5_Dmodels.GaussianDiffusion,,,,,0.0,
10,H8_K20_T1_Dmodels.GaussianDiffusion,/u/home/llim/FMPCC/FM-PCC/logs/avoiding-d3il/plans/diffusion/H8_K20_Dmodels.GaussianDiffusion_aw10/H8_K20_T1_Dmodels.GaussianDiffusion,0.6944444444444445,,1.8759087539979793,,2.613281273094289,"[7, 8, 9, 10]"
11,X_H8_K20_T0.05_Dmodels.GaussianDiffusion,/u/home/llim/FMPCC/FM-PCC/logs/avoiding-d3il/plans/diffusion/H8_K20_Dmodels.GaussianDiffusion_aw10/X_H8_K20_T0.05_Dmodels.GaussianDiffusion,0.6944444444444443,,0.523817799386293,,1.3497737112207657,"[7, 8, 9, 10]"
12,X_H8_K20_T0.1_Dmodels.GaussianDiffusion,/u/home/llim/FMPCC/FM-PCC/logs/avoiding-d3il/plans/diffusion/H8_K20_Dmodels.GaussianDiffusion_aw10/X_H8_K20_T0.1_Dmodels.GaussianDiffusion,0.6944444444444443,,0.518585280711196,,1.3497419461750748,"[7, 8, 9, 10]"
13,X_H8_K20_T1_Dmodels.GaussianDiffusion,/u/home/llim/FMPCC/FM-PCC/logs/avoiding-d3il/plans/diffusion/H8_K20_Dmodels.GaussianDiffusion_aw10/X_H8_K20_T1_Dmodels.GaussianDiffusion,0.6944444444444443,,0.5256820730269127,,1.3498349258742683,"[7, 8, 9, 10]"
14,H8_K20_Dmodels.GaussianDiffusion_aw10_thres0.5,/u/home/llim/FMPCC/FM-PCC/logs/avoiding-d3il/plans/diffusion/H8_K20_Dmodels.GaussianDiffusion_aw10_thres0.5,0.75,,0.5175123132645304,,1.9919415286207243,
15,H8_K20_T0.5_Dmodels.GaussianDiffusion_aw1,/u/home/llim/FMPCC/FM-PCC/logs/avoiding-d3il/plans/diffusion/H8_K20_T0.5_Dmodels.GaussianDiffusion_aw1,0.6666666666666666,,0.5470724177739555,,1.9240581088997533,
16,H8_K20_T1_Dmodels.GaussianDiffusion_aw10,/u/home/llim/FMPCC/FM-PCC/logs/avoiding-d3il/plans/diffusion/H8_K20_T1_Dmodels.GaussianDiffusion_aw10,0.75,,0.5201762223903509,,1.9920117916359223,
17,H8_K10_Meuler_T0.5_Dflow_matcher_v3_alphaflow.models.AlphaFlowODE,/u/home/llim/FMPCC/FM-PCC/logs/avoiding-d3il/plans/flow_matching_v3_alphaflow(Bf_U3)/H8_Dflow_matcher_v3_alphaflow.models.AlphaFlowODE_aw10_bbdit_tslogit_normal_ai1.0_ae0.0_ag25.0_rf0.5/H8_K10_Meuler_T0.5_Dflow_matcher_v3_alphaflow.models.AlphaFlowODE,0.638888888888889,,0.37883236372382867,,1.7255338258154729,"[7, 8, 9, 10]"
18,H8_K1_Meuler_T0.5_Dflow_matcher_v3_alphaflow.models.AlphaFlowODE,/u/home/llim/FMPCC/FM-PCC/logs/avoiding-d3il/plans/flow_matching_v3_alphaflow(Bf_U3)/H8_Dflow_matcher_v3_alphaflow.models.AlphaFlowODE_aw10_bbdit_tslogit_normal_ai1.0_ae0.0_ag25.0_rf0.5/H8_K1_Meuler_T0.5_Dflow_matcher_v3_alphaflow.models.AlphaFlowODE,0.8055555555555555,,0.024167145563037465,,0.9780779949990654,"[7, 8, 9, 10]"
19,H8_K2_Meuler_T0.5_Dflow_matcher_v3_alphaflow.models.AlphaFlowODE,/u/home/llim/FMPCC/FM-PCC/logs/avoiding-d3il/plans/flow_matching_v3_alphaflow(Bf_U3)/H8_Dflow_matcher_v3_alphaflow.models.AlphaFlowODE_aw10_bbdit_tslogit_normal_ai1.0_ae0.0_ag25.0_rf0.5/H8_K2_Meuler_T0.5_Dflow_matcher_v3_alphaflow.models.AlphaFlowODE,0.8333333333333334,,0.039723085714764975,,1.009051702288914,"[7, 8, 9, 10]"
20,H8_K5_Meuler_T0.5_Dflow_matcher_v3_alphaflow.models.AlphaFlowODE,/u/home/llim/FMPCC/FM-PCC/logs/avoiding-d3il/plans/flow_matching_v3_alphaflow(Bf_U3)/H8_Dflow_matcher_v3_alphaflow.models.AlphaFlowODE_aw10_bbdit_tslogit_normal_ai1.0_ae0.0_ag25.0_rf0.5/H8_K5_Meuler_T0.5_Dflow_matcher_v3_alphaflow.models.AlphaFlowODE,0.7777777777777777,,0.20806521402712552,,1.488780379634871,"[7, 8, 9, 10]"
21,H8_K10_Meuler_T0.5_Dflow_matcher_v3_alphaflow.models.AlphaFlowODE,/u/home/llim/FMPCC/FM-PCC/logs/avoiding-d3il/plans/flow_matching_v3_alphaflow(Bf_U3)/H8_Dflow_matcher_v3_alphaflow.models.AlphaFlowODE_aw10_bbsit_tslogit_normal_ai1.0_ae0.0_ag25.0_rf0.5/H8_K10_Meuler_T0.5_Dflow_matcher_v3_alphaflow.models.AlphaFlowODE,0.7777777777777778,,0.37026910573209865,,0.9524304601217846,"[7, 8, 9, 10]"
22,H8_K1_Meuler_T0.5_Dflow_matcher_v3_alphaflow.models.AlphaFlowODE,/u/home/llim/FMPCC/FM-PCC/logs/avoiding-d3il/plans/flow_matching_v3_alphaflow(Bf_U3)/H8_Dflow_matcher_v3_alphaflow.models.AlphaFlowODE_aw10_bbsit_tslogit_normal_ai1.0_ae0.0_ag25.0_rf0.5/H8_K1_Meuler_T0.5_Dflow_matcher_v3_alphaflow.models.AlphaFlowODE,0.888888888888889,,0.014268661165544488,,1.3278862333609913,"[7, 8, 9, 10]"
23,H8_K2_Meuler_T0.5_Dflow_matcher_v3_alphaflow.models.AlphaFlowODE,/u/home/llim/FMPCC/FM-PCC/logs/avoiding-d3il/plans/flow_matching_v3_alphaflow(Bf_U3)/H8_Dflow_matcher_v3_alphaflow.models.AlphaFlowODE_aw10_bbsit_tslogit_normal_ai1.0_ae0.0_ag25.0_rf0.5/H8_K2_Meuler_T0.5_Dflow_matcher_v3_alphaflow.models.AlphaFlowODE,0.4444444444444444,,0.030316341366960486,,1.2058628962747742,"[7, 8, 9, 10]"
24,H8_K5_Meuler_T0.5_Dflow_matcher_v3_alphaflow.models.AlphaFlowODE,/u/home/llim/FMPCC/FM-PCC/logs/avoiding-d3il/plans/flow_matching_v3_alphaflow(Bf_U3)/H8_Dflow_matcher_v3_alphaflow.models.AlphaFlowODE_aw10_bbsit_tslogit_normal_ai1.0_ae0.0_ag25.0_rf0.5/H8_K5_Meuler_T0.5_Dflow_matcher_v3_alphaflow.models.AlphaFlowODE,0.8055555555555557,,0.1984566782984157,,0.9340818835697287,"[7, 8, 9, 10]"
25,H8_K10_Meuler_T0.5_Dflow_matcher_v3_alphaflow.models.AlphaFlowODE,/u/home/llim/FMPCC/FM-PCC/logs/avoiding-d3il/plans/flow_matching_v3_alphaflow(Bf_U3)/H8_Dflow_matcher_v3_alphaflow.models.AlphaFlowODE_aw10_bbunet_tslogit_normal_ai1.0_ae0.0_ag25.0_rf0.5/H8_K10_Meuler_T0.5_Dflow_matcher_v3_alphaflow.models.AlphaFlowODE,0.027777777777777776,,2.0476146344427164,,3.69240904333125,"[7, 8, 9, 10]"
26,H8_K1_Meuler_T0.5_Dflow_matcher_v3_alphaflow.models.AlphaFlowODE,/u/home/llim/FMPCC/FM-PCC/logs/avoiding-d3il/plans/flow_matching_v3_alphaflow(Bf_U3)/H8_Dflow_matcher_v3_alphaflow.models.AlphaFlowODE_aw10_bbunet_tslogit_normal_ai1.0_ae0.0_ag25.0_rf0.5/H8_K1_Meuler_T0.5_Dflow_matcher_v3_alphaflow.models.AlphaFlowODE,0.05555555555555555,,0.22611799457368306,,3.2491574318851253,"[7, 8, 9, 10]"
27,H8_K2_Meuler_T0.5_Dflow_matcher_v3_alphaflow.models.AlphaFlowODE,/u/home/llim/FMPCC/FM-PCC/logs/avoiding-d3il/plans/flow_matching_v3_alphaflow(Bf_U3)/H8_Dflow_matcher_v3_alphaflow.models.AlphaFlowODE_aw10_bbunet_tslogit_normal_ai1.0_ae0.0_ag25.0_rf0.5/H8_K2_Meuler_T0.5_Dflow_matcher_v3_alphaflow.models.AlphaFlowODE,0.027777777777777776,,0.26571315639459975,,3.187905491806908,"[7, 8, 9, 10]"
28,H8_K5_Meuler_T0.5_Dflow_matcher_v3_alphaflow.models.AlphaFlowODE,/u/home/llim/FMPCC/FM-PCC/logs/avoiding-d3il/plans/flow_matching_v3_alphaflow(Bf_U3)/H8_Dflow_matcher_v3_alphaflow.models.AlphaFlowODE_aw10_bbunet_tslogit_normal_ai1.0_ae0.0_ag25.0_rf0.5/H8_K5_Meuler_T0.5_Dflow_matcher_v3_alphaflow.models.AlphaFlowODE,0.027777777777777776,,0.9915200308730866,,3.1991816042729884,"[7, 8, 9, 10]"
29,H8_K10_Meuler_T0.5_Dflow_matcher_v3_alphaflow.models.AlphaFlowODE,/u/home/llim/FMPCC/FM-PCC/logs/avoiding-d3il/plans/flow_matching_v3_alphaflow(Bf_fix4)/H8_Dflow_matcher_v3_alphaflow.models.AlphaFlowODE_aw10_bbsit_tslogit_normal_ai1.0_ae0.0_ag25.0_rf0.5/H8_K10_Meuler_T0.5_Dflow_matcher_v3_alphaflow.models.AlphaFlowODE,0.6875,,0.39325984320881335,,13.113492093527126,"[7, 8, 9, 10]"
30,H8_K1_Meuler_T0.5_Dflow_matcher_v3_alphaflow.models.AlphaFlowODE,/u/home/llim/FMPCC/FM-PCC/logs/avoiding-d3il/plans/flow_matching_v3_alphaflow(Bf_fix4)/H8_Dflow_matcher_v3_alphaflow.models.AlphaFlowODE_aw10_bbsit_tslogit_normal_ai1.0_ae0.0_ag25.0_rf0.5/H8_K1_Meuler_T0.5_Dflow_matcher_v3_alphaflow.models.AlphaFlowODE,0.8958333333333334,,0.03083840313698713,,6.08295265626646,"[7, 8, 9, 10]"
31,H8_K20_Meuler_T0.5_Dflow_matcher_v3_alphaflow.models.AlphaFlowODE,/u/home/llim/FMPCC/FM-PCC/logs/avoiding-d3il/plans/flow_matching_v3_alphaflow(Bf_fix4)/H8_Dflow_matcher_v3_alphaflow.models.AlphaFlowODE_aw10_bbsit_tslogit_normal_ai1.0_ae0.0_ag25.0_rf0.5/H8_K20_Meuler_T0.5_Dflow_matcher_v3_alphaflow.models.AlphaFlowODE,0.625,,0.9365117654010434,,32.135258568320715,"[7, 8, 9, 10]"
32,H8_K2_Meuler_T0.5_Dflow_matcher_v3_alphaflow.models.AlphaFlowODE,/u/home/llim/FMPCC/FM-PCC/logs/avoiding-d3il/plans/flow_matching_v3_alphaflow(Bf_fix4)/H8_Dflow_matcher_v3_alphaflow.models.AlphaFlowODE_aw10_bbsit_tslogit_normal_ai1.0_ae0.0_ag25.0_rf0.5/H8_K2_Meuler_T0.5_Dflow_matcher_v3_alphaflow.models.AlphaFlowODE,0.33333333333333337,,0.04471874360782219,,4.7920066462975655,"[7, 8, 9, 10]"
33,H8_K5_Meuler_T0.5_Dflow_matcher_v3_alphaflow.models.AlphaFlowODE,/u/home/llim/FMPCC/FM-PCC/logs/avoiding-d3il/plans/flow_matching_v3_alphaflow(Bf_fix4)/H8_Dflow_matcher_v3_alphaflow.models.AlphaFlowODE_aw10_bbsit_tslogit_normal_ai1.0_ae0.0_ag25.0_rf0.5/H8_K5_Meuler_T0.5_Dflow_matcher_v3_alphaflow.models.AlphaFlowODE,0.7083333333333334,,0.1970046923811526,,8.49503580663513,"[7, 8, 9, 10]"
34,H8_K10_Meuler_T0.5_Dflow_matcher_v3_alphaflow.models.AlphaFlowODE,/u/home/llim/FMPCC/FM-PCC/logs/avoiding-d3il/plans/flow_matching_v3_alphaflow/H8_Dflow_matcher_v3_alphaflow.models.AlphaFlowODE_aw10_bbsit_tslogit_normal_ai1.0_ae0.0_ag25.0_rf0.5/H8_K10_Meuler_T0.5_Dflow_matcher_v3_alphaflow.models.AlphaFlowODE,0.78125,,0.32016304716017796,,12.09413379753123,[6]
35,H8_K1_Meuler_T0.5_Dflow_matcher_v3_alphaflow.models.AlphaFlowODE,/u/home/llim/FMPCC/FM-PCC/logs/avoiding-d3il/plans/flow_matching_v3_alphaflow/H8_Dflow_matcher_v3_alphaflow.models.AlphaFlowODE_aw10_bbsit_tslogit_normal_ai1.0_ae0.0_ag25.0_rf0.5/H8_K1_Meuler_T0.5_Dflow_matcher_v3_alphaflow.models.AlphaFlowODE,0.7864583333333333,,0.018539600866773427,,2.659636496542209,[6]
36,H8_K2_Meuler_T0.5_Dflow_matcher_v3_alphaflow.models.AlphaFlowODE,/u/home/llim/FMPCC/FM-PCC/logs/avoiding-d3il/plans/flow_matching_v3_alphaflow/H8_Dflow_matcher_v3_alphaflow.models.AlphaFlowODE_aw10_bbsit_tslogit_normal_ai1.0_ae0.0_ag25.0_rf0.5/H8_K2_Meuler_T0.5_Dflow_matcher_v3_alphaflow.models.AlphaFlowODE,0.6583333333333334,,0.03336949943954555,,24.313146721003854,
37,H8_K5_Meuler_T0.5_Dflow_matcher_v3_alphaflow.models.AlphaFlowODE,/u/home/llim/FMPCC/FM-PCC/logs/avoiding-d3il/plans/flow_matching_v3_alphaflow/H8_Dflow_matcher_v3_alphaflow.models.AlphaFlowODE_aw10_bbsit_tslogit_normal_ai1.0_ae0.0_ag25.0_rf0.5/H8_K5_Meuler_T0.5_Dflow_matcher_v3_alphaflow.models.AlphaFlowODE,0.8177083333333334,,0.18981776304274406,,5.66175582489381,[6]
38,H8_K10_Meuler_T0.5_Dmodels.diffusion.GaussianDiffusion,/u/home/llim/FMPCC/FM-PCC/logs/avoiding-d3il/plans/flow_matching_v3_drifting/H8_Dmodels.diffusion.GaussianDiffusion_a1.5_b1.0_aw1/H8_K10_Meuler_T0.5_Dmodels.diffusion.GaussianDiffusion,0.5833333333333334,,0.17482318375552167,,1.9677301933681186,"[7, 8, 9, 10]"
39,K10_thres0_mpc1_n2,/u/home/llim/FMPCC/FM-PCC/logs/avoiding-d3il/plans/flow_matching_v3_hardflow(Gen12_Bf_U5)/H8_Dmodels.diffusion.FlowMatchingODE_a1.5_b1.0_aw10/K10_thres0_mpc1_n2,1.0,,0.28684797936889805,,6.313093670241889,"[7, 8, 9, 10]"
40,K20_thres0.5_mpc1_n2,/u/home/llim/FMPCC/FM-PCC/logs/avoiding-d3il/plans/flow_matching_v3_hardflow(Gen12_Bf_U5)/H8_Dmodels.diffusion.FlowMatchingODE_a1.5_b1.0_aw10/K20_thres0.5_mpc1_n2,1.0,,0.4813279461151171,,10.871600706516102,"[7, 8, 9, 10]"
41,K20_thres0_mpc1_n2,/u/home/llim/FMPCC/FM-PCC/logs/avoiding-d3il/plans/flow_matching_v3_hardflow(Gen12_Bf_U5)/H8_Dmodels.diffusion.FlowMatchingODE_a1.5_b1.0_aw10/K20_thres0_mpc1_n2,1.0,,0.6102314833668363,,11.177023475700292,"[7, 8, 9, 10]"
42,K20_thres0_mpc4_n2,/u/home/llim/FMPCC/FM-PCC/logs/avoiding-d3il/plans/flow_matching_v3_hardflow(Gen12_Bf_U5)/H8_Dmodels.diffusion.FlowMatchingODE_a1.5_b1.0_aw10/K20_thres0_mpc4_n2,1.0,,1.7424579917620433,,20.417026924489544,"[7, 8, 9, 10]"
43,K2_thres0_mpc1_n2,/u/home/llim/FMPCC/FM-PCC/logs/avoiding-d3il/plans/flow_matching_v3_hardflow(Gen12_Bf_U5)/H8_Dmodels.diffusion.FlowMatchingODE_a1.5_b1.0_aw10/K2_thres0_mpc1_n2,0.6666666666666666,,0.052136827166281124,,3.521114002321926,"[7, 8, 9, 10]"
44,K5_thres0_mpc1_n2,/u/home/llim/FMPCC/FM-PCC/logs/avoiding-d3il/plans/flow_matching_v3_hardflow(Gen12_Bf_U5)/H8_Dmodels.diffusion.FlowMatchingODE_a1.5_b1.0_aw10/K5_thres0_mpc1_n2,0.75,,0.14944996664298377,,10.004410522296086,"[7, 8, 9, 10]"
45,H8_K10_Dmodels.diffusion.FlowMatchingODE(UNORGNIZED),/u/home/llim/FMPCC/FM-PCC/logs/avoiding-d3il/plans/flow_matching_v3_hardflow(Gen12_Bf_U5)/H8_K10_Dmodels.diffusion.FlowMatchingODE(UNORGNIZED),,,,,0.0,"[7, 8, 9, 10]"
46,K20_thres0.5_mpc4_n2,/u/home/llim/FMPCC/FM-PCC/logs/avoiding-d3il/plans/flow_matching_v3_hardflow(Gen12_bf_Fix6_wrong_batch_parallel)/H8_Dmodels.diffusion.FlowMatchingODE_a1.5_b1.0_aw10/K20_thres0.5_mpc4_n2,0.8666666666666667,,1.365825621071549,,101.17666606271322,
47,H8_K10_Dmodels.diffusion.FlowMatchingODE,/u/home/llim/FMPCC/FM-PCC/logs/avoiding-d3il/plans/flow_matching_v3_hardflow(Gen12_bf_Fix6_wrong_batch_parallel)/H8_K10_Dmodels.diffusion.FlowMatchingODE,,,,,0.0,
48,K20_thres0.05_mpc4_n2,/u/home/llim/FMPCC/FM-PCC/logs/avoiding-d3il/plans/flow_matching_v3_hardflow/H8_Dmodels.diffusion.FlowMatchingODE_a1.5_b1.0_aw10/K20_thres0.05_mpc4_n2,0.7777777777777777,,0.3326994696373055,,62.1417286478446,"[7, 8, 9, 10]"
49,K20_thres0.1_mpc4_n2,/u/home/llim/FMPCC/FM-PCC/logs/avoiding-d3il/plans/flow_matching_v3_hardflow/H8_Dmodels.diffusion.FlowMatchingODE_a1.5_b1.0_aw10/K20_thres0.1_mpc4_n2,0.8333333333333334,,0.3799996357706823,,64.72876629675872,"[7, 8, 9, 10]"
50,K20_thres0.5_mpc4_n2,/u/home/llim/FMPCC/FM-PCC/logs/avoiding-d3il/plans/flow_matching_v3_hardflow/H8_Dmodels.diffusion.FlowMatchingODE_a1.5_b1.0_aw10/K20_thres0.5_mpc4_n2,0.8333333333333334,,0.8250568787407303,,20.89240307637432,"[7, 8, 9, 10]"
51,H8_K10_Dmodels.diffusion.FlowMatchingODE,/u/home/llim/FMPCC/FM-PCC/logs/avoiding-d3il/plans/flow_matching_v3_hardflow/H8_K10_Dmodels.diffusion.FlowMatchingODE,,,,,0.0,"[7, 8, 9, 10]"
52,H8_K10_Meuler_T0.5_Dflow_matcher_v3_imeanflow.models.iMeanFlowODE,/u/home/llim/FMPCC/FM-PCC/logs/avoiding-d3il/plans/flow_matching_v3_imeanflow(1e4_U5)/H8_Dflow_matcher_v3_imeanflow.models.iMeanFlowODE_a1.0_b1.0_aw10_objmeanflow_jvp/H8_K10_Meuler_T0.5_Dflow_matcher_v3_imeanflow.models.iMeanFlowODE,0.6666666666666666,,0.4959228520052386,,1.5801486856638232,"[7, 8, 9, 10]"
53,H8_K2_Meuler_T0.5_Dflow_matcher_v3_imeanflow.models.iMeanFlowODE,/u/home/llim/FMPCC/FM-PCC/logs/avoiding-d3il/plans/flow_matching_v3_imeanflow(1e4_U5)/H8_Dflow_matcher_v3_imeanflow.models.iMeanFlowODE_a1.0_b1.0_aw10_objmeanflow_jvp/H8_K2_Meuler_T0.5_Dflow_matcher_v3_imeanflow.models.iMeanFlowODE,0.6666666666666666,,0.060289406941576064,,0.9066474575120341,"[7, 8, 9, 10]"
54,H8_K10_Meuler_T0.5_Dflow_matcher_v3_imeanflow.models.iMeanFlowODE,/u/home/llim/FMPCC/FM-PCC/logs/avoiding-d3il/plans/flow_matching_v3_imeanflow(1e4_beta_U4)/H8_Dflow_matcher_v3_imeanflow.models.iMeanFlowODE_a1.5_b1.0_aw10_objmeanflow_jvp/H8_K10_Meuler_T0.5_Dflow_matcher_v3_imeanflow.models.iMeanFlowODE,0.5833333333333334,,0.4550292989258491,,1.8136583153606847,"[7, 8, 9, 10]"
55,H8_K10_Meuler_T0.5_Dflow_matcher_v3_imeanflow.models.iMeanFlowODE,/u/home/llim/FMPCC/FM-PCC/logs/avoiding-d3il/plans/flow_matching_v3_imeanflow(1e5_U5)/H8_Dflow_matcher_v3_imeanflow.models.iMeanFlowODE_a1.0_b1.0_aw10_objmeanflow_jvp/H8_K10_Meuler_T0.5_Dflow_matcher_v3_imeanflow.models.iMeanFlowODE,0.5277777777777778,,0.48172675408790183,,1.8614680102926522,"[7, 8, 9, 10]"
56,H8_K10_Meuler_T0.5_Dflow_matcher_v3_imeanflow.models.iMeanFlowODE,/u/home/llim/FMPCC/FM-PCC/logs/avoiding-d3il/plans/flow_matching_v3_imeanflow(1e5_beta_U4)/H8_Dflow_matcher_v3_imeanflow.models.iMeanFlowODE_a1.5_b1.0_aw10_objmeanflow_jvp/H8_K10_Meuler_T0.5_Dflow_matcher_v3_imeanflow.models.iMeanFlowODE,0.3055555555555555,,0.5344827706469627,,2.7790060456097807,"[7, 8, 9, 10]"
57,H8_K2_Meuler_T0.5_Dflow_matcher_v3_imeanflow.models.iMeanFlowODE,/u/home/llim/FMPCC/FM-PCC/logs/avoiding-d3il/plans/flow_matching_v3_imeanflow(1e5_beta_U4)/H8_Dflow_matcher_v3_imeanflow.models.iMeanFlowODE_a1.5_b1.0_aw10_objmeanflow_jvp/H8_K2_Meuler_T0.5_Dflow_matcher_v3_imeanflow.models.iMeanFlowODE,0.4444444444444444,,0.05232034429903898,,1.5354228876070755,"[7, 8, 9, 10]"
58,(legacy_F2)H8_K2_Meuler_T0.5_Dflow_matcher_v3_imeanflow.models.iMeanFlowODE,/u/home/llim/FMPCC/FM-PCC/logs/avoiding-d3il/plans/flow_matching_v3_imeanflow(Bf_U3)/H8_Dflow_matcher_v3_imeanflow.models.iMeanFlowODE_a1.5_b1.0_aw10/(legacy_F2)H8_K2_Meuler_T0.5_Dflow_matcher_v3_imeanflow.models.iMeanFlowODE,0.4166666666666667,,0.04940915735074775,,1.6838644540907826,"[7, 8, 9, 10]"
59,H8_K10_Meuler_T0.5_Dflow_matcher_v3_imeanflow.models.iMeanFlowODE,/u/home/llim/FMPCC/FM-PCC/logs/avoiding-d3il/plans/flow_matching_v3_imeanflow(Bf_U3)/H8_Dflow_matcher_v3_imeanflow.models.iMeanFlowODE_a1.5_b1.0_aw10/H8_K10_Meuler_T0.5_Dflow_matcher_v3_imeanflow.models.iMeanFlowODE,0.47222222222222227,,0.4277725139594925,,1.9818544478506035,"[7, 8, 9, 10]"
60,H8_K20_Meuler_T0.5_Dflow_matcher_v3_imeanflow.models.iMeanFlowODE,/u/home/llim/FMPCC/FM-PCC/logs/avoiding-d3il/plans/flow_matching_v3_imeanflow(Bf_U3)/H8_Dflow_matcher_v3_imeanflow.models.iMeanFlowODE_a1.5_b1.0_aw10/H8_K20_Meuler_T0.5_Dflow_matcher_v3_imeanflow.models.iMeanFlowODE,0.5555555555555556,,1.109663479038443,,1.7573098243613472,"[7, 8, 9, 10]"
61,H8_K2_Meuler_T0.5_Dflow_matcher_v3_imeanflow.models.iMeanFlowODE,/u/home/llim/FMPCC/FM-PCC/logs/avoiding-d3il/plans/flow_matching_v3_imeanflow(Bf_U3)/H8_Dflow_matcher_v3_imeanflow.models.iMeanFlowODE_a1.5_b1.0_aw10/H8_K2_Meuler_T0.5_Dflow_matcher_v3_imeanflow.models.iMeanFlowODE,0.4444444444444444,,0.04990740635062139,,2.3815011942283446,"[7, 8, 9, 10]"
62,H8_K10_Meuler_T0.5_Dflow_matcher_v3_imeanflow.models.iMeanFlowODE,/u/home/llim/FMPCC/FM-PCC/logs/avoiding-d3il/plans/flow_matching_v3_imeanflow(Bf_U3p2Final)/H8_Dflow_matcher_v3_imeanflow.models.iMeanFlowODE_a1.5_b1.0_aw10/H8_K10_Meuler_T0.5_Dflow_matcher_v3_imeanflow.models.iMeanFlowODE,0.47222222222222215,,0.4883378997298318,,1.6845225035021054,"[7, 8, 9, 10]"
63,H8_K10_Meuler_T0.5_Dflow_matcher_v3_imeanflow.models.iMeanFlowODE,/u/home/llim/FMPCC/FM-PCC/logs/avoiding-d3il/plans/flow_matching_v3_imeanflow(Bf_U4)/H8_Dflow_matcher_v3_imeanflow.models.iMeanFlowODE_a1.5_b1.0_aw10/H8_K10_Meuler_T0.5_Dflow_matcher_v3_imeanflow.models.iMeanFlowODE,0.47222222222222215,,0.5010685531442934,,1.9389621579594283,"[7, 8, 9, 10]"
64,H8_K10_Meuler_T0.5_Dflow_matcher_v3_imeanflow.models.iMeanFlowODE,/u/home/llim/FMPCC/FM-PCC/logs/avoiding-d3il/plans/flow_matching_v3_imeanflow(Bf_U9)/H8_Dflow_matcher_v3_imeanflow.models.iMeanFlowODE_a1.0_b1.0_aw10_objmeanflow_jvp_bbdit/H8_K10_Meuler_T0.5_Dflow_matcher_v3_imeanflow.models.iMeanFlowODE,0.47222222222222215,,0.5523157985964927,,1.0587206540277765,"[7, 8, 9, 10]"
65,H8_K10_Meuler_T0.5_Dflow_matcher_v3_imeanflow.models.iMeanFlowODE,/u/home/llim/FMPCC/FM-PCC/logs/avoiding-d3il/plans/flow_matching_v3_imeanflow(Bf_U9)/H8_Dflow_matcher_v3_imeanflow.models.iMeanFlowODE_a1.0_b1.0_aw10_objmeanflow_jvp_bbunet_tslogit_normal/H8_K10_Meuler_T0.5_Dflow_matcher_v3_imeanflow.models.iMeanFlowODE,0.49999999999999994,,0.5212479080327758,,1.4857273369094053,"[7, 8, 9, 10]"
66,H8_K10_Meuler_T0.5_Dflow_matcher_v3_imeanflow.models.iMeanFlowODE,/u/home/llim/FMPCC/FM-PCC/logs/avoiding-d3il/plans/flow_matching_v3_imeanflow(CFG_OFF_U9)/H8_Dflow_matcher_v3_imeanflow.models.iMeanFlowODE_a1.0_b1.0_aw1_objmeanflow_jvp_bbdit_tslogit_normal/H8_K10_Meuler_T0.5_Dflow_matcher_v3_imeanflow.models.iMeanFlowODE,0.7222222222222223,,0.4268377768013521,,0.8536290085689694,"[7, 8, 9, 10]"
67,H8_K10_Meuler_T0.5_Dflow_matcher_v3_imeanflow.models.iMeanFlowODE,/u/home/llim/FMPCC/FM-PCC/logs/avoiding-d3il/plans/flow_matching_v3_imeanflow(U6_DiT_1e4)/H8_Dflow_matcher_v3_imeanflow.models.iMeanFlowODE_a1.0_b1.0_aw10_objmeanflow_jvp_bbdit/H8_K10_Meuler_T0.5_Dflow_matcher_v3_imeanflow.models.iMeanFlowODE,0.638888888888889,,0.6384359424032199,,1.9595846239101324,"[7, 8, 9, 10]"
68,H8_K10_Meuler_T0.5_Dflow_matcher_v3_imeanflow.models.iMeanFlowODE,"/u/home/llim/FMPCC/FM-PCC/logs/avoiding-d3il/plans/flow_matching_v3_imeanflow(aw1, 1e4train, dit)/H8_Dflow_matcher_v3_imeanflow.models.iMeanFlowODE_a1.0_b1.0_aw1_objmeanflow_jvp_bbdit_tslogit_normal/H8_K10_Meuler_T0.5_Dflow_matcher_v3_imeanflow.models.iMeanFlowODE",0.47222222222222227,,0.6027880989306985,,2.17683864771455,"[7, 8, 9, 10]"
69,H8_K10_Meuler_T0.5_Dflow_matcher_v3_imeanflow.models.iMeanFlowODE,/u/home/llim/FMPCC/FM-PCC/logs/avoiding-d3il/plans/flow_matching_v3_imeanflow(cfgO_0_in_eval_DiT_1e5)/H8_Dflow_matcher_v3_imeanflow.models.iMeanFlowODE_a1.0_b1.0_aw10_objmeanflow_jvp_bbdit/H8_K10_Meuler_T0.5_Dflow_matcher_v3_imeanflow.models.iMeanFlowODE,0.36111111111111116,,0.5597170775187599,,2.1420637423805844,"[7, 8, 9, 10]"
70,H8_K20_Meuler_T0.5_Dflow_matcher_v3_imeanflow.models.iMeanFlowODE,/u/home/llim/FMPCC/FM-PCC/logs/avoiding-d3il/plans/flow_matching_v3_imeanflow(cfgO_0_in_eval_DiT_1e5)/H8_Dflow_matcher_v3_imeanflow.models.iMeanFlowODE_a1.0_b1.0_aw10_objmeanflow_jvp_bbdit/H8_K20_Meuler_T0.5_Dflow_matcher_v3_imeanflow.models.iMeanFlowODE,0.4166666666666667,,1.3697430910397521,,1.8851561395561967,"[7, 8, 9, 10]"
71,H8_K20_Mrk4_T0.5_Dflow_matcher_v3_imeanflow.models.iMeanFlowODE,/u/home/llim/FMPCC/FM-PCC/logs/avoiding-d3il/plans/flow_matching_v3_imeanflow(cfgO_0_in_eval_DiT_1e5)/H8_Dflow_matcher_v3_imeanflow.models.iMeanFlowODE_a1.0_b1.0_aw10_objmeanflow_jvp_bbdit/H8_K20_Mrk4_T0.5_Dflow_matcher_v3_imeanflow.models.iMeanFlowODE,0.3888888888888889,,1.5537797874973425,,3.6926307289625693,"[7, 8, 9, 10]"
72,H8_K2_Mrk4_T0.5_Dflow_matcher_v3_imeanflow.models.iMeanFlowODE,/u/home/llim/FMPCC/FM-PCC/logs/avoiding-d3il/plans/flow_matching_v3_imeanflow(cfgO_0_in_eval_DiT_1e5)/H8_Dflow_matcher_v3_imeanflow.models.iMeanFlowODE_a1.0_b1.0_aw10_objmeanflow_jvp_bbdit/H8_K2_Mrk4_T0.5_Dflow_matcher_v3_imeanflow.models.iMeanFlowODE,0.25,,0.0953542557051677,,3.025688062280026,"[7, 8, 9, 10]"
73,H8_K40_Meuler_T0.5_Dflow_matcher_v3_imeanflow.models.iMeanFlowODE,/u/home/llim/FMPCC/FM-PCC/logs/avoiding-d3il/plans/flow_matching_v3_imeanflow(cfgO_0_in_eval_DiT_1e5)/H8_Dflow_matcher_v3_imeanflow.models.iMeanFlowODE_a1.0_b1.0_aw10_objmeanflow_jvp_bbdit/H8_K40_Meuler_T0.5_Dflow_matcher_v3_imeanflow.models.iMeanFlowODE,0.3055555555555556,,2.790282780851902,,2.1900579320587825,"[7, 8, 9, 10]"
74,H8_K10_Mrk4_T0.5_Dflow_matcher_v3_imeanflow.models.iMeanFlowODE,/u/home/llim/FMPCC/FM-PCC/logs/avoiding-d3il/plans/flow_matching_v3_imeanflow(cfgO_0_in_eval_DiT_1e5)/H8_Dflow_matcher_v3_imeanflow.models.iMeanFlowODE_a1.0_b1.0_aw20_objmeanflow_jvp_bbdit/H8_K10_Mrk4_T0.5_Dflow_matcher_v3_imeanflow.models.iMeanFlowODE,,,,,0.0,"[7, 8, 9, 10]"
75,H8_K10_Meuler_Dflow_matcher_v3_imeanflow.models.iMFDiffusion,/u/home/llim/FMPCC/FM-PCC/logs/avoiding-d3il/plans/flow_matching_v3_imeanflow(incorrect)/H8_Dflow_matcher_v3_imeanflow.models.iMFDiffusion_a1.5_b1.0_aw10/H8_K10_Meuler_Dflow_matcher_v3_imeanflow.models.iMFDiffusion,0.16666666666666666,,0.41181408954930165,,4.6254939379311795,"[7, 8, 9, 10]"
76,H8_K1_Meuler_T0.5_Dflow_matcher_v3_imeanflow.models.iMeanFlowODE,/u/home/llim/FMPCC/FM-PCC/logs/avoiding-d3il/plans/flow_matching_v3_imeanflow(incorrect)/H8_Dflow_matcher_v3_imeanflow.models.iMeanFlowODE_a1.5_b1.0_aw10/H8_K1_Meuler_T0.5_Dflow_matcher_v3_imeanflow.models.iMeanFlowODE,0.0,,0.09063100364978371,,5.489816290886042,"[7, 8, 9, 10]"
77,H8_K2_Meuler_T0.5_Dflow_matcher_v3_imeanflow.models.iMeanFlowODE,/u/home/llim/FMPCC/FM-PCC/logs/avoiding-d3il/plans/flow_matching_v3_imeanflow(incorrect)/H8_Dflow_matcher_v3_imeanflow.models.iMeanFlowODE_a1.5_b1.0_aw10/H8_K2_Meuler_T0.5_Dflow_matcher_v3_imeanflow.models.iMeanFlowODE,0.0,,0.11097103878911581,,5.663483366264396,"[7, 8, 9, 10]"
78,H8_K10_Meuler_T0.5_Dflow_matcher_v3_imeanflow.models.iMeanFlowODE,/u/home/llim/FMPCC/FM-PCC/logs/avoiding-d3il/plans/flow_matching_v3_imeanflow(uniform_no_aux_U4_1e5)/H8_Dflow_matcher_v3_imeanflow.models.iMeanFlowODE_a1_b1.0_aw10_objmeanflow_jvp/H8_K10_Meuler_T0.5_Dflow_matcher_v3_imeanflow.models.iMeanFlowODE,0.47222222222222215,,0.6386795671910493,,2.738823357342205,"[7, 8, 9, 10]"
79,H8_K10_Meuler_T0.5_Dflow_matcher_v3_imeanflow.models.iMeanFlowODE,/u/home/llim/FMPCC/FM-PCC/logs/avoiding-d3il/plans/flow_matching_v3_imeanflow(with_CFG_default_config_U9_DiT)/H8_Dflow_matcher_v3_imeanflow.models.iMeanFlowODE_a1.0_b1.0_aw1_objmeanflow_jvp_bbdit_tslogit_normal/H8_K10_Meuler_T0.5_Dflow_matcher_v3_imeanflow.models.iMeanFlowODE,0.19444444444444442,,0.8382026732419394,,4.05544104000454,"[7, 8, 9, 10]"
80,H8_K10_Meuler_T0.5_Dflow_matcher_v3_imeanflow.models.iMeanFlowODE,/u/home/llim/FMPCC/FM-PCC/logs/avoiding-d3il/plans/flow_matching_v3_imeanflow(with_o4_cfg_DiT_1e5)/H8_Dflow_matcher_v3_imeanflow.models.iMeanFlowODE_a1.0_b1.0_aw10_objmeanflow_jvp_bbdit/H8_K10_Meuler_T0.5_Dflow_matcher_v3_imeanflow.models.iMeanFlowODE,0.36111111111111116,,0.5416661307658616,,2.1420843576452064,"[7, 8, 9, 10]"
81,H8_K2_Meuler_T0.5_Dflow_matcher_v3_imeanflow.models.iMeanFlowODE,/u/home/llim/FMPCC/FM-PCC/logs/avoiding-d3il/plans/flow_matching_v3_imeanflow(with_o4_cfg_DiT_1e5)/H8_Dflow_matcher_v3_imeanflow.models.iMeanFlowODE_a1.0_b1.0_aw10_objmeanflow_jvp_bbdit/H8_K2_Meuler_T0.5_Dflow_matcher_v3_imeanflow.models.iMeanFlowODE,0.25,,0.09751362807901319,,2.8743731104295254,"[7, 8, 9, 10]"
82,H8_K100_Meuler_T0.5_Dflow_matcher_v3_imeanflow.models.iMeanFlowODE,/u/home/llim/FMPCC/FM-PCC/logs/avoiding-d3il/plans/flow_matching_v3_imeanflow/H8_Dflow_matcher_v3_imeanflow.models.iMeanFlowODE_a1.0_b1.0_aw10_objimf_official_bbdit_tslogit_normal(setup1)/H8_K100_Meuler_T0.5_Dflow_matcher_v3_imeanflow.models.iMeanFlowODE,0.47222222222222215,,6.847778416809258,,1.6652380771701962,"[7, 8, 9, 10]"
83,H8_K10_Meuler_T0.5_Dflow_matcher_v3_imeanflow.models.iMeanFlowODE,/u/home/llim/FMPCC/FM-PCC/logs/avoiding-d3il/plans/flow_matching_v3_imeanflow/H8_Dflow_matcher_v3_imeanflow.models.iMeanFlowODE_a1.0_b1.0_aw10_objimf_official_bbdit_tslogit_normal(setup1)/H8_K10_Meuler_T0.5_Dflow_matcher_v3_imeanflow.models.iMeanFlowODE,0.6666666666666666,,0.387435829152581,,1.1157248993535167,"[7, 8, 9, 10]"
84,H8_K1_Meuler_T0.5_Dflow_matcher_v3_imeanflow.models.iMeanFlowODE,/u/home/llim/FMPCC/FM-PCC/logs/avoiding-d3il/plans/flow_matching_v3_imeanflow/H8_Dflow_matcher_v3_imeanflow.models.iMeanFlowODE_a1.0_b1.0_aw10_objimf_official_bbdit_tslogit_normal(setup1)/H8_K1_Meuler_T0.5_Dflow_matcher_v3_imeanflow.models.iMeanFlowODE,0.638888888888889,,0.0317856329120872,,1.076349751568058,"[7, 8, 9, 10]"
85,H8_K2_Meuler_T0.5_Dflow_matcher_v3_imeanflow.models.iMeanFlowODE,/u/home/llim/FMPCC/FM-PCC/logs/avoiding-d3il/plans/flow_matching_v3_imeanflow/H8_Dflow_matcher_v3_imeanflow.models.iMeanFlowODE_a1.0_b1.0_aw10_objimf_official_bbdit_tslogit_normal(setup1)/H8_K2_Meuler_T0.5_Dflow_matcher_v3_imeanflow.models.iMeanFlowODE,0.75,,0.037101893198280084,,0.7652321781791803,"[7, 8, 9, 10]"
86,H8_K50_Meuler_T0.5_Dflow_matcher_v3_imeanflow.models.iMeanFlowODE,/u/home/llim/FMPCC/FM-PCC/logs/avoiding-d3il/plans/flow_matching_v3_imeanflow/H8_Dflow_matcher_v3_imeanflow.models.iMeanFlowODE_a1.0_b1.0_aw10_objimf_official_bbdit_tslogit_normal(setup1)/H8_K50_Meuler_T0.5_Dflow_matcher_v3_imeanflow.models.iMeanFlowODE,0.611111111111111,,2.826400634090572,,0.8651696003916114,"[7, 8, 9, 10]"
87,H8_K10_Meuler_T0.5_Dflow_matcher_v3_imeanflow.models.iMeanFlowODE,/u/home/llim/FMPCC/FM-PCC/logs/avoiding-d3il/plans/flow_matching_v3_imeanflow/H8_Dflow_matcher_v3_imeanflow.models.iMeanFlowODE_a1.0_b1.0_aw10_objimf_official_bbdit_tslogit_normal(setup2)/H8_K10_Meuler_T0.5_Dflow_matcher_v3_imeanflow.models.iMeanFlowODE,0.6111111111111112,,0.3766862058524654,,1.693321451337609,"[7, 8, 9, 10]"
88,H8_K1_Meuler_T0.5_Dflow_matcher_v3_imeanflow.models.iMeanFlowODE,/u/home/llim/FMPCC/FM-PCC/logs/avoiding-d3il/plans/flow_matching_v3_imeanflow/H8_Dflow_matcher_v3_imeanflow.models.iMeanFlowODE_a1.0_b1.0_aw10_objimf_official_bbdit_tslogit_normal(setup2)/H8_K1_Meuler_T0.5_Dflow_matcher_v3_imeanflow.models.iMeanFlowODE,0.7777777777777777,,0.02810464840237231,,0.8270354601109431,"[7, 8, 9, 10]"
89,H8_K2_Meuler_T0.5_Dflow_matcher_v3_imeanflow.models.iMeanFlowODE,/u/home/llim/FMPCC/FM-PCC/logs/avoiding-d3il/plans/flow_matching_v3_imeanflow/H8_Dflow_matcher_v3_imeanflow.models.iMeanFlowODE_a1.0_b1.0_aw10_objimf_official_bbdit_tslogit_normal(setup2)/H8_K2_Meuler_T0.5_Dflow_matcher_v3_imeanflow.models.iMeanFlowODE,0.5555555555555557,,0.038863297858102504,,0.9637674674339041,"[7, 8, 9, 10]"
90,H8_K50_Meuler_T0.5_Dflow_matcher_v3_imeanflow.models.iMeanFlowODE,/u/home/llim/FMPCC/FM-PCC/logs/avoiding-d3il/plans/flow_matching_v3_imeanflow/H8_Dflow_matcher_v3_imeanflow.models.iMeanFlowODE_a1.0_b1.0_aw10_objimf_official_bbdit_tslogit_normal(setup2)/H8_K50_Meuler_T0.5_Dflow_matcher_v3_imeanflow.models.iMeanFlowODE,0.4166666666666667,,2.923315697271731,,1.5863864119516775,"[7, 8, 9, 10]"
91,H8_K2_Meuler_T0.5_Dflow_matcher_v3_imeanflow.models.iMeanFlowODE,/u/home/llim/FMPCC/FM-PCC/logs/avoiding-d3il/plans/flow_matching_v3_imeanflow/H8_Dflow_matcher_v3_imeanflow.models.iMeanFlowODE_a1.0_b1.0_aw10_objimf_official_bbdit_tslogit_normal(setup3_2e5)/H8_K2_Meuler_T0.5_Dflow_matcher_v3_imeanflow.models.iMeanFlowODE,0.8055555555555555,,0.03847298658473972,,1.049503709052601,"[7, 8, 9, 10]"
92,H8_K2_Meuler_T0.5_Dflow_matcher_v3_imeanflow.models.iMeanFlowODE,/u/home/llim/FMPCC/FM-PCC/logs/avoiding-d3il/plans/flow_matching_v3_imeanflow/H8_Dflow_matcher_v3_imeanflow.models.iMeanFlowODE_a1.0_b1.0_aw10_objimf_official_bbdit_tslogit_normal(setup3_5e4)/H8_K2_Meuler_T0.5_Dflow_matcher_v3_imeanflow.models.iMeanFlowODE,0.6666666666666666,,0.03774597146579633,,1.8188397576865314,"[7, 8, 9, 10]"
93,H8_K1_Meuler_T0.5_Dflow_matcher_v3_meanflow.models.MeanFlowODE,/u/home/llim/FMPCC/FM-PCC/logs/avoiding-d3il/plans/flow_matching_v3_meanflow(Bf_Fix4)/H8_Dflow_matcher_v3_meanflow.models.MeanFlowODE_aw10_objmeanflow_bbmf_dit_tslogit_normal_dp0.5/H8_K1_Meuler_T0.5_Dflow_matcher_v3_meanflow.models.MeanFlowODE,0.5,,0.04918694402494177,,5.52964758071691,"[7, 8, 9, 10]"
94,H8_K20_Meuler_T0.5_Dflow_matcher_v3_meanflow.models.MeanFlowODE,/u/home/llim/FMPCC/FM-PCC/logs/avoiding-d3il/plans/flow_matching_v3_meanflow(Bf_Fix4)/H8_Dflow_matcher_v3_meanflow.models.MeanFlowODE_aw10_objmeanflow_bbmf_dit_tslogit_normal_dp0.5/H8_K20_Meuler_T0.5_Dflow_matcher_v3_meanflow.models.MeanFlowODE,0.5625,,0.9445911593508576,,33.03002028211598,"[7, 8, 9, 10]"
95,H8_K2_Meuler_T0.5_Dflow_matcher_v3_meanflow.models.MeanFlowODE,/u/home/llim/FMPCC/FM-PCC/logs/avoiding-d3il/plans/flow_matching_v3_meanflow(Bf_Fix4)/H8_Dflow_matcher_v3_meanflow.models.MeanFlowODE_aw10_objmeanflow_bbmf_dit_tslogit_normal_dp0.5/H8_K2_Meuler_T0.5_Dflow_matcher_v3_meanflow.models.MeanFlowODE,0.47916666666666674,,0.04295820899775732,,4.3551094043976,"[7, 8, 9, 10]"
96,H8_K5_Meuler_T0.5_Dflow_matcher_v3_meanflow.models.MeanFlowODE,/u/home/llim/FMPCC/FM-PCC/logs/avoiding-d3il/plans/flow_matching_v3_meanflow(Bf_Fix4)/H8_Dflow_matcher_v3_meanflow.models.MeanFlowODE_aw10_objmeanflow_bbmf_dit_tslogit_normal_dp0.5/H8_K5_Meuler_T0.5_Dflow_matcher_v3_meanflow.models.MeanFlowODE,0.5625,,0.2199173709299061,,10.599177056372955,"[7, 8, 9, 10]"
97,H8_K10_Meuler_T0.5_Dflow_matcher_v3_meanflow.models.MeanFlowODE,/u/home/llim/FMPCC/FM-PCC/logs/avoiding-d3il/plans/flow_matching_v3_meanflow(Bf_Fix5)/H8_Dflow_matcher_v3_meanflow.models.MeanFlowODE_aw10_objmeanflow_bbmf_dit_tslogit_normal_dp0.5/H8_K10_Meuler_T0.5_Dflow_matcher_v3_meanflow.models.MeanFlowODE,0.7291666666666667,,0.3814818669001116,,12.895373285823645,"[7, 8, 9, 10]"
98,H8_K1_Meuler_T0.5_Dflow_matcher_v3_meanflow.models.MeanFlowODE,/u/home/llim/FMPCC/FM-PCC/logs/avoiding-d3il/plans/flow_matching_v3_meanflow(Bf_Fix5)/H8_Dflow_matcher_v3_meanflow.models.MeanFlowODE_aw10_objmeanflow_bbmf_dit_tslogit_normal_dp0.5/H8_K1_Meuler_T0.5_Dflow_matcher_v3_meanflow.models.MeanFlowODE,0.47916666666666663,,0.052037277107281184,,4.836789667504513,"[7, 8, 9, 10]"
99,H8_K20_Meuler_T0.5_Dflow_matcher_v3_meanflow.models.MeanFlowODE,/u/home/llim/FMPCC/FM-PCC/logs/avoiding-d3il/plans/flow_matching_v3_meanflow(Bf_Fix5)/H8_Dflow_matcher_v3_meanflow.models.MeanFlowODE_aw10_objmeanflow_bbmf_dit_tslogit_normal_dp0.5/H8_K20_Meuler_T0.5_Dflow_matcher_v3_meanflow.models.MeanFlowODE,0.6666666666666666,,0.9276271775321916,,41.09577882034185,"[7, 8, 9, 10]"
100,H8_K2_Meuler_T0.5_Dflow_matcher_v3_meanflow.models.MeanFlowODE,/u/home/llim/FMPCC/FM-PCC/logs/avoiding-d3il/plans/flow_matching_v3_meanflow(Bf_Fix5)/H8_Dflow_matcher_v3_meanflow.models.MeanFlowODE_aw10_objmeanflow_bbmf_dit_tslogit_normal_dp0.5/H8_K2_Meuler_T0.5_Dflow_matcher_v3_meanflow.models.MeanFlowODE,0.375,,0.04388873920210123,,1.8293265309411353,"[7, 8, 9, 10]"
101,H8_K5_Meuler_T0.5_Dflow_matcher_v3_meanflow.models.MeanFlowODE,/u/home/llim/FMPCC/FM-PCC/logs/avoiding-d3il/plans/flow_matching_v3_meanflow(Bf_Fix5)/H8_Dflow_matcher_v3_meanflow.models.MeanFlowODE_aw10_objmeanflow_bbmf_dit_tslogit_normal_dp0.5/H8_K5_Meuler_T0.5_Dflow_matcher_v3_meanflow.models.MeanFlowODE,0.6666666666666666,,0.21638348834870308,,5.958607689194609,"[7, 8, 9, 10]"
102,H8_K2_Meuler_T0.5_Dflow_matcher_v3_meanflow.models.MeanFlowODE,/u/home/llim/FMPCC/FM-PCC/logs/avoiding-d3il/plans/flow_matching_v3_meanflow(Bf_U3)/H8_Dflow_matcher_v3_meanflow.models.MeanFlowODE_aw10_objmeanflow_bbdit_tslogit_normal_dp0.5/H8_K2_Meuler_T0.5_Dflow_matcher_v3_meanflow.models.MeanFlowODE,0.7222222222222222,,0.03789926976822409,,0.739261300204609,"[7, 8, 9, 10]"
103,H8_K2_Meuler_T0.5_Dflow_matcher_v3_meanflow.models.MeanFlowODE,/u/home/llim/FMPCC/FM-PCC/logs/avoiding-d3il/plans/flow_matching_v3_meanflow(Bf_U3)/H8_Dflow_matcher_v3_meanflow.models.MeanFlowODE_aw10_objmeanflow_bbmf_dit_tslogit_normal_dp0.5/H8_K2_Meuler_T0.5_Dflow_matcher_v3_meanflow.models.MeanFlowODE,0.5000000000000001,,0.02451764694221985,,0.6840551659271963,"[7, 8, 9, 10]"
104,H8_K2_Meuler_T0.5_Dflow_matcher_v3_meanflow.models.MeanFlowODE,/u/home/llim/FMPCC/FM-PCC/logs/avoiding-d3il/plans/flow_matching_v3_meanflow(Bf_U3)/H8_Dflow_matcher_v3_meanflow.models.MeanFlowODE_aw10_objmeanflow_bbunet_tslogit_normal_dp0.5/H8_K2_Meuler_T0.5_Dflow_matcher_v3_meanflow.models.MeanFlowODE,0.2222222222222222,,0.07622650412742468,,2.27242876498766,"[7, 8, 9, 10]"
105,H8_K10_Meuler_T0.5_Dflow_matcher_v3_meanflow.models.MeanFlowODE,/u/home/llim/FMPCC/FM-PCC/logs/avoiding-d3il/plans/flow_matching_v3_meanflow/H8_Dflow_matcher_v3_meanflow.models.MeanFlowODE_aw10_objmeanflow_bbmf_dit_tslogit_normal_dp0.5/H8_K10_Meuler_T0.5_Dflow_matcher_v3_meanflow.models.MeanFlowODE,0.7916666666666667,,0.3901311928865666,,12.847519859341787,"[7, 8, 9, 10]"
106,H8_K1_Meuler_T0.5_Dflow_matcher_v3_meanflow.models.MeanFlowODE,/u/home/llim/FMPCC/FM-PCC/logs/avoiding-d3il/plans/flow_matching_v3_meanflow/H8_Dflow_matcher_v3_meanflow.models.MeanFlowODE_aw10_objmeanflow_bbmf_dit_tslogit_normal_dp0.5/H8_K1_Meuler_T0.5_Dflow_matcher_v3_meanflow.models.MeanFlowODE,0.5,,0.05227293880004807,,4.909197245639004,"[7, 8, 9, 10]"
107,H8_K20_Meuler_T0.5_Dflow_matcher_v3_meanflow.models.MeanFlowODE,/u/home/llim/FMPCC/FM-PCC/logs/avoiding-d3il/plans/flow_matching_v3_meanflow/H8_Dflow_matcher_v3_meanflow.models.MeanFlowODE_aw10_objmeanflow_bbmf_dit_tslogit_normal_dp0.5/H8_K20_Meuler_T0.5_Dflow_matcher_v3_meanflow.models.MeanFlowODE,0.6458333333333333,,0.9243913271219681,,41.10902431819271,"[7, 8, 9, 10]"
108,H8_K2_Meuler_T0.5_Dflow_matcher_v3_meanflow.models.MeanFlowODE,/u/home/llim/FMPCC/FM-PCC/logs/avoiding-d3il/plans/flow_matching_v3_meanflow/H8_Dflow_matcher_v3_meanflow.models.MeanFlowODE_aw10_objmeanflow_bbmf_dit_tslogit_normal_dp0.5/H8_K2_Meuler_T0.5_Dflow_matcher_v3_meanflow.models.MeanFlowODE,0.5416666666666666,,0.04040962251127084,,22.528278083265356,
109,H8_K5_Meuler_T0.5_Dflow_matcher_v3_meanflow.models.MeanFlowODE,/u/home/llim/FMPCC/FM-PCC/logs/avoiding-d3il/plans/flow_matching_v3_meanflow/H8_Dflow_matcher_v3_meanflow.models.MeanFlowODE_aw10_objmeanflow_bbmf_dit_tslogit_normal_dp0.5/H8_K5_Meuler_T0.5_Dflow_matcher_v3_meanflow.models.MeanFlowODE,0.6875,,0.2217592003101035,,6.079684982126672,"[7, 8, 9, 10]"
110,"H8_K2_Meuler_T0,5_Dflow_matcher_v3_meanflow.models.MeanFlowODE","/u/home/llim/FMPCC/FM-PCC/logs/avoiding-d3il/plans/flow_matching_v3_meanflow/H8_Dflow_matcher_v3_meanflow.models.MeanFlowODE_aw10_objmeanflow_bbunet_tslogit_normal_dp0.5/H8_K2_Meuler_T0,5_Dflow_matcher_v3_meanflow.models.MeanFlowODE",0.7291666666666666,,0.04474802484667314,,3.4529216656971946,"[8, 9, 10]"
111,H8_K10_Meuler_T0.1_Dmodels.diffusion.FlowMatchingODE,/u/home/llim/FMPCC/FM-PCC/logs/avoiding-d3il/plans/flow_matching_v3_ode_selectable/H8_Dmodels.diffusion.FlowMatchingODE_a1.5_b1.0_aw1/H8_K10_Meuler_T0.1_Dmodels.diffusion.FlowMatchingODE,,,,,0.0,"[7, 8, 9, 10]"
112,H8_K5_Meuler_T0.5_Dmodels.diffusion.FlowMatchingODE,/u/home/llim/FMPCC/FM-PCC/logs/avoiding-d3il/plans/flow_matching_v3_ode_selectable/H8_Dmodels.diffusion.FlowMatchingODE_a1.5_b1.0_aw1/H8_K5_Meuler_T0.5_Dmodels.diffusion.FlowMatchingODE,,,,,0.0,"[7, 8, 9, 10]"
113,H8_K10_Meuler_T0.05_Dmodels.diffusion.FlowMatchingODE,/u/home/llim/FMPCC/FM-PCC/logs/avoiding-d3il/plans/flow_matching_v3_ode_selectable/H8_Dmodels.diffusion.FlowMatchingODE_a1.5_b1.0_aw10/H8_K10_Meuler_T0.05_Dmodels.diffusion.FlowMatchingODE,0.6666666666666666,,0.09387530292997691,,1.1147375342751278,"[7, 8, 9, 10]"
114,H8_K10_Meuler_T0.1_Dmodels.diffusion.FlowMatchingODE,/u/home/llim/FMPCC/FM-PCC/logs/avoiding-d3il/plans/flow_matching_v3_ode_selectable/H8_Dmodels.diffusion.FlowMatchingODE_a1.5_b1.0_aw10/H8_K10_Meuler_T0.1_Dmodels.diffusion.FlowMatchingODE,0.6666666666666666,,0.09415227907446216,,1.1147343704807267,"[7, 8, 9, 10]"
115,H8_K20_Meuler_T0.05_Dmodels.diffusion.FlowMatchingODE,/u/home/llim/FMPCC/FM-PCC/logs/avoiding-d3il/plans/flow_matching_v3_ode_selectable/H8_Dmodels.diffusion.FlowMatchingODE_a1.5_b1.0_aw10/H8_K20_Meuler_T0.05_Dmodels.diffusion.FlowMatchingODE,0.611111111111111,,0.17855297133387338,,0.9386060930348551,"[7, 8, 9, 10]"
116,H8_K20_Meuler_T0.1_Dmodels.diffusion.FlowMatchingODE,/u/home/llim/FMPCC/FM-PCC/logs/avoiding-d3il/plans/flow_matching_v3_ode_selectable/H8_Dmodels.diffusion.FlowMatchingODE_a1.5_b1.0_aw10/H8_K20_Meuler_T0.1_Dmodels.diffusion.FlowMatchingODE,0.6944444444444443,,0.18968738496934814,,1.027297157752894,"[7, 8, 9, 10]"
117,H8_K20_Meuler_T0.5_Dmodels.diffusion.FlowMatchingODE,/u/home/llim/FMPCC/FM-PCC/logs/avoiding-d3il/plans/flow_matching_v3_ode_selectable/H8_Dmodels.diffusion.FlowMatchingODE_a1.5_b1.0_aw10/H8_K20_Meuler_T0.5_Dmodels.diffusion.FlowMatchingODE,0.6777777777777777,,0.5251500647330564,,2.231446526375333,
118,H8_K5_Meuler_T0.5_Dmodels.diffusion.FlowMatchingODE,/u/home/llim/FMPCC/FM-PCC/logs/avoiding-d3il/plans/flow_matching_v3_ode_selectable/H8_Dmodels.diffusion.FlowMatchingODE_a1.5_b1.0_aw10/H8_K5_Meuler_T0.5_Dmodels.diffusion.FlowMatchingODE,0.7222222222222222,,0.11112404904204988,,1.3088817645321729,"[7, 8, 9, 10]"
119,H8_K10_Dmodels.diffusion.GaussianDiffusion,/u/home/llim/FMPCC/FM-PCC/logs/avoiding-d3il/plans/flow_matching_v3_ode_selectable/H8_Dmodels.diffusion.GaussianDiffusion_a1.5_b1.0_aw1/H8_K10_Dmodels.diffusion.GaussianDiffusion,0.7055555555555556,,0.18355172235159142,,2.323974764364599,
120,H8_K10_Meuler_T1_Dmodels.diffusion.GaussianDiffusion,/u/home/llim/FMPCC/FM-PCC/logs/avoiding-d3il/plans/flow_matching_v3_ode_selectable/H8_Dmodels.diffusion.GaussianDiffusion_a1.5_b1.0_aw1/H8_K10_Meuler_T1_Dmodels.diffusion.GaussianDiffusion,0.7944444444444443,,0.8990273001022899,,1.7082914932769022,
121,H8_K1_Meuler_T0.5_Dmodels.diffusion.GaussianDiffusion,/u/home/llim/FMPCC/FM-PCC/logs/avoiding-d3il/plans/flow_matching_v3_ode_selectable/H8_Dmodels.diffusion.GaussianDiffusion_a1.5_b1.0_aw1/H8_K1_Meuler_T0.5_Dmodels.diffusion.GaussianDiffusion,0.6833333333333332,,0.018548036005825972,,1.4598089866036768,
122,H8_K20_Meuler_Dmodels.diffusion.GaussianDiffusion,/u/home/llim/FMPCC/FM-PCC/logs/avoiding-d3il/plans/flow_matching_v3_ode_selectable/H8_Dmodels.diffusion.GaussianDiffusion_a1.5_b1.0_aw1/H8_K20_Meuler_Dmodels.diffusion.GaussianDiffusion,0.6944444444444445,,0.49301990236978027,,2.888529208032919,
123,H8_K5_Mmidpoint_Dmodels.diffusion.GaussianDiffusion,/u/home/llim/FMPCC/FM-PCC/logs/avoiding-d3il/plans/flow_matching_v3_ode_selectable/H8_Dmodels.diffusion.GaussianDiffusion_a1.5_b1.0_aw1/H8_K5_Mmidpoint_Dmodels.diffusion.GaussianDiffusion,0.6777777777777777,,0.1503797588533413,,2.2035084806674634,
124,H8_K10_Meuler_Dmodels.diffusion.GaussianDiffusion,/u/home/llim/FMPCC/FM-PCC/logs/avoiding-d3il/plans/flow_matching_v3_ode_selectable/H8_Dmodels.diffusion.GaussianDiffusion_a1.5_b1.0_aw10/H8_K10_Meuler_Dmodels.diffusion.GaussianDiffusion,0.6833333333333332,,0.18497272888690708,,2.049428120359858,
125,H8_K100_Meuler_T0.5_Dfm_visual_avoiding.models.visual_gaussian_diffusion.VisualFlowMatching_VTrue_mpc4,/u/home/llim/FMPCC/FM-PCC/logs/avoiding-d3il/plans/fm_visual_avoiding/H8_K100_Meuler_T0.5_Dfm_visual_avoiding.models.visual_gaussian_diffusion.VisualFlowMatching/H8_K100_Meuler_T0.5_Dfm_visual_avoiding.models.visual_gaussian_diffusion.VisualFlowMatching_VTrue_mpc4,,,,,0.0,"[7, 8, 9, 10]"
