Candidate,Folder_Name,Full_Path,Missing_Seeds,Latest_Snapshot,variant,constraint_type,halfspace_variant,metric,mean,std,count
1,d3il_baseline_ddpm_encdec_vision,/u/home/llim/FMPCC/FM-PCC/logs/d3il_visual_aligning_baseline/_DA_VA_BRIDGE_d3il_baseline/d3il_baseline_ddpm_encdec_vision,,20260701_013505,d3il_baseline,test,none,n_success,0.0,0.0,1080
1,d3il_baseline_ddpm_encdec_vision,/u/home/llim/FMPCC/FM-PCC/logs/d3il_visual_aligning_baseline/_DA_VA_BRIDGE_d3il_baseline/d3il_baseline_ddpm_encdec_vision,,20260701_013505,d3il_baseline,test,none,n_success_and_constraints,,,0
1,d3il_baseline_ddpm_encdec_vision,/u/home/llim/FMPCC/FM-PCC/logs/d3il_visual_aligning_baseline/_DA_VA_BRIDGE_d3il_baseline/d3il_baseline_ddpm_encdec_vision,,20260701_013505,d3il_baseline,test,none,mean_dist_per_rollout,0.40088680340144456,0.12836184156651745,1080
1,d3il_baseline_ddpm_encdec_vision,/u/home/llim/FMPCC/FM-PCC/logs/d3il_visual_aligning_baseline/_DA_VA_BRIDGE_d3il_baseline/d3il_baseline_ddpm_encdec_vision,,20260701_013505,d3il_baseline,test,none,n_steps,400.0,0.0,1080
1,d3il_baseline_ddpm_encdec_vision,/u/home/llim/FMPCC/FM-PCC/logs/d3il_visual_aligning_baseline/_DA_VA_BRIDGE_d3il_baseline/d3il_baseline_ddpm_encdec_vision,,20260701_013505,d3il_baseline,test,none,avg_time,0.022660185185185183,0.00016294316618347803,1080
1,d3il_baseline_ddpm_encdec_vision,/u/home/llim/FMPCC/FM-PCC/logs/d3il_visual_aligning_baseline/_DA_VA_BRIDGE_d3il_baseline/d3il_baseline_ddpm_encdec_vision,,20260701_013505,d3il_baseline,test,none,avg_time_ms,22.660185185185185,0.16294316618348126,1080
1,d3il_baseline_ddpm_encdec_vision,/u/home/llim/FMPCC/FM-PCC/logs/d3il_visual_aligning_baseline/_DA_VA_BRIDGE_d3il_baseline/d3il_baseline_ddpm_encdec_vision,,20260701_013505,d3il_baseline,test,none,context_box_angle_deg,-11.862369660039743,52.359129078141294,1080
1,d3il_baseline_ddpm_encdec_vision,/u/home/llim/FMPCC/FM-PCC/logs/d3il_visual_aligning_baseline/_DA_VA_BRIDGE_d3il_baseline/d3il_baseline_ddpm_encdec_vision,,20260701_013505,d3il_baseline,test,none,context_box_init_xy_x,0.5175060629844666,0.053381398783099526,1080
1,d3il_baseline_ddpm_encdec_vision,/u/home/llim/FMPCC/FM-PCC/logs/d3il_visual_aligning_baseline/_DA_VA_BRIDGE_d3il_baseline/d3il_baseline_ddpm_encdec_vision,,20260701_013505,d3il_baseline,test,none,context_box_init_xy_y,-0.16934162105123202,0.044826397398034984,1080
1,d3il_baseline_ddpm_encdec_vision,/u/home/llim/FMPCC/FM-PCC/logs/d3il_visual_aligning_baseline/_DA_VA_BRIDGE_d3il_baseline/d3il_baseline_ddpm_encdec_vision,,20260701_013505,d3il_baseline,test,none,context_final_box_angle_deg,-6.515042210319115,55.57650940425262,1080
1,d3il_baseline_ddpm_encdec_vision,/u/home/llim/FMPCC/FM-PCC/logs/d3il_visual_aligning_baseline/_DA_VA_BRIDGE_d3il_baseline/d3il_baseline_ddpm_encdec_vision,,20260701_013505,d3il_baseline,test,none,context_final_box_xy_x,0.5342906819219845,0.07453358492167622,1080
1,d3il_baseline_ddpm_encdec_vision,/u/home/llim/FMPCC/FM-PCC/logs/d3il_visual_aligning_baseline/_DA_VA_BRIDGE_d3il_baseline/d3il_baseline_ddpm_encdec_vision,,20260701_013505,d3il_baseline,test,none,context_final_box_xy_y,-0.07473267663081525,0.24004551334540855,1080
1,d3il_baseline_ddpm_encdec_vision,/u/home/llim/FMPCC/FM-PCC/logs/d3il_visual_aligning_baseline/_DA_VA_BRIDGE_d3il_baseline/d3il_baseline_ddpm_encdec_vision,,20260701_013505,d3il_baseline,test,none,context_final_xy_dist,0.4274111908015834,0.08023540016917413,1080
1,d3il_baseline_ddpm_encdec_vision,/u/home/llim/FMPCC/FM-PCC/logs/d3il_visual_aligning_baseline/_DA_VA_BRIDGE_d3il_baseline/d3il_baseline_ddpm_encdec_vision,,20260701_013505,d3il_baseline,test,none,context_index,29.5,17.32612549453732,1080
1,d3il_baseline_ddpm_encdec_vision,/u/home/llim/FMPCC/FM-PCC/logs/d3il_visual_aligning_baseline/_DA_VA_BRIDGE_d3il_baseline/d3il_baseline_ddpm_encdec_vision,,20260701_013505,d3il_baseline,test,none,context_init_xy_dist,0.44645914286375044,0.06240893131365128,1080
1,d3il_baseline_ddpm_encdec_vision,/u/home/llim/FMPCC/FM-PCC/logs/d3il_visual_aligning_baseline/_DA_VA_BRIDGE_d3il_baseline/d3il_baseline_ddpm_encdec_vision,,20260701_013505,d3il_baseline,test,none,context_target_angle_deg,-0.10211116522550583,50.350280212338774,1080
1,d3il_baseline_ddpm_encdec_vision,/u/home/llim/FMPCC/FM-PCC/logs/d3il_visual_aligning_baseline/_DA_VA_BRIDGE_d3il_baseline/d3il_baseline_ddpm_encdec_vision,,20260701_013505,d3il_baseline,test,none,context_target_xy_x,0.49267314225435255,0.05966591603543977,1080
1,d3il_baseline_ddpm_encdec_vision,/u/home/llim/FMPCC/FM-PCC/logs/d3il_visual_aligning_baseline/_DA_VA_BRIDGE_d3il_baseline/d3il_baseline_ddpm_encdec_vision,,20260701_013505,d3il_baseline,test,none,context_target_xy_y,0.2693596601486206,0.041875530016227264,1080
1,d3il_baseline_ddpm_encdec_vision,/u/home/llim/FMPCC/FM-PCC/logs/d3il_visual_aligning_baseline/_DA_VA_BRIDGE_d3il_baseline/d3il_baseline_ddpm_encdec_vision,,20260701_013505,d3il_baseline,test,none,diagnostics_found,1.0,0.0,1080
1,d3il_baseline_ddpm_encdec_vision,/u/home/llim/FMPCC/FM-PCC/logs/d3il_visual_aligning_baseline/_DA_VA_BRIDGE_d3il_baseline/d3il_baseline_ddpm_encdec_vision,,20260701_013505,d3il_baseline,test,none,frozen,0.0,0.0,1080
1,d3il_baseline_ddpm_encdec_vision,/u/home/llim/FMPCC/FM-PCC/logs/d3il_visual_aligning_baseline/_DA_VA_BRIDGE_d3il_baseline/d3il_baseline_ddpm_encdec_vision,,20260701_013505,d3il_baseline,test,none,frozen_worst_overlap_m,,,0
1,d3il_baseline_ddpm_encdec_vision,/u/home/llim/FMPCC/FM-PCC/logs/d3il_visual_aligning_baseline/_DA_VA_BRIDGE_d3il_baseline/d3il_baseline_ddpm_encdec_vision,,20260701_013505,d3il_baseline,test,none,mode_encoding,0.8953703703703704,0.30621739576302387,1080
1,d3il_baseline_ddpm_encdec_vision,/u/home/llim/FMPCC/FM-PCC/logs/d3il_visual_aligning_baseline/_DA_VA_BRIDGE_d3il_baseline/d3il_baseline_ddpm_encdec_vision,,20260701_013505,d3il_baseline,test,none,success_strict,0.0,0.0,1080
1,d3il_baseline_ddpm_encdec_vision,/u/home/llim/FMPCC/FM-PCC/logs/d3il_visual_aligning_baseline/_DA_VA_BRIDGE_d3il_baseline/d3il_baseline_ddpm_encdec_vision,,20260701_013505,d3il_baseline,test,none,total_violations,,,0
2,d3il_baseline_ddpm_encdec_vision__Bf_U3,/u/home/llim/FMPCC/FM-PCC/logs/d3il_visual_aligning_baseline/_DA_VA_BRIDGE_d3il_baseline_Bf_U3/d3il_baseline_ddpm_encdec_vision__Bf_U3,,20260620_215600,d3il_baseline,test,none,n_success,0.0028530670470756064,0.053347371195050904,2804
2,d3il_baseline_ddpm_encdec_vision__Bf_U3,/u/home/llim/FMPCC/FM-PCC/logs/d3il_visual_aligning_baseline/_DA_VA_BRIDGE_d3il_baseline_Bf_U3/d3il_baseline_ddpm_encdec_vision__Bf_U3,,20260620_215600,d3il_baseline,test,none,n_success_and_constraints,,,0
2,d3il_baseline_ddpm_encdec_vision__Bf_U3,/u/home/llim/FMPCC/FM-PCC/logs/d3il_visual_aligning_baseline/_DA_VA_BRIDGE_d3il_baseline_Bf_U3/d3il_baseline_ddpm_encdec_vision__Bf_U3,,20260620_215600,d3il_baseline,test,none,mean_dist_per_rollout,0.39175294010190875,0.1379851970222515,2804
2,d3il_baseline_ddpm_encdec_vision__Bf_U3,/u/home/llim/FMPCC/FM-PCC/logs/d3il_visual_aligning_baseline/_DA_VA_BRIDGE_d3il_baseline_Bf_U3/d3il_baseline_ddpm_encdec_vision__Bf_U3,,20260620_215600,d3il_baseline,test,none,n_steps,399.3830242510699,12.115077775615894,2804
2,d3il_baseline_ddpm_encdec_vision__Bf_U3,/u/home/llim/FMPCC/FM-PCC/logs/d3il_visual_aligning_baseline/_DA_VA_BRIDGE_d3il_baseline_Bf_U3/d3il_baseline_ddpm_encdec_vision__Bf_U3,,20260620_215600,d3il_baseline,test,none,avg_time,,,0
2,d3il_baseline_ddpm_encdec_vision__Bf_U3,/u/home/llim/FMPCC/FM-PCC/logs/d3il_visual_aligning_baseline/_DA_VA_BRIDGE_d3il_baseline_Bf_U3/d3il_baseline_ddpm_encdec_vision__Bf_U3,,20260620_215600,d3il_baseline,test,none,avg_time_ms,,,0
2,d3il_baseline_ddpm_encdec_vision__Bf_U3,/u/home/llim/FMPCC/FM-PCC/logs/d3il_visual_aligning_baseline/_DA_VA_BRIDGE_d3il_baseline_Bf_U3/d3il_baseline_ddpm_encdec_vision__Bf_U3,,20260620_215600,d3il_baseline,test,none,context_box_angle_deg,-27.955571615066745,47.42414137461255,2804
2,d3il_baseline_ddpm_encdec_vision__Bf_U3,/u/home/llim/FMPCC/FM-PCC/logs/d3il_visual_aligning_baseline/_DA_VA_BRIDGE_d3il_baseline_Bf_U3/d3il_baseline_ddpm_encdec_vision__Bf_U3,,20260620_215600,d3il_baseline,test,none,context_box_init_xy_x,0.5261582256681399,0.04877008256973306,2804
2,d3il_baseline_ddpm_encdec_vision__Bf_U3,/u/home/llim/FMPCC/FM-PCC/logs/d3il_visual_aligning_baseline/_DA_VA_BRIDGE_d3il_baseline_Bf_U3/d3il_baseline_ddpm_encdec_vision__Bf_U3,,20260620_215600,d3il_baseline,test,none,context_box_init_xy_y,-0.1725115930175305,0.04603428122667172,2804
2,d3il_baseline_ddpm_encdec_vision__Bf_U3,/u/home/llim/FMPCC/FM-PCC/logs/d3il_visual_aligning_baseline/_DA_VA_BRIDGE_d3il_baseline_Bf_U3/d3il_baseline_ddpm_encdec_vision__Bf_U3,,20260620_215600,d3il_baseline,test,none,context_final_box_angle_deg,-28.455587589064393,59.03651577941637,2804
2,d3il_baseline_ddpm_encdec_vision__Bf_U3,/u/home/llim/FMPCC/FM-PCC/logs/d3il_visual_aligning_baseline/_DA_VA_BRIDGE_d3il_baseline_Bf_U3/d3il_baseline_ddpm_encdec_vision__Bf_U3,,20260620_215600,d3il_baseline,test,none,context_final_box_xy_x,0.5578533130195922,0.08146728408557766,2804
2,d3il_baseline_ddpm_encdec_vision__Bf_U3,/u/home/llim/FMPCC/FM-PCC/logs/d3il_visual_aligning_baseline/_DA_VA_BRIDGE_d3il_baseline_Bf_U3/d3il_baseline_ddpm_encdec_vision__Bf_U3,,20260620_215600,d3il_baseline,test,none,context_final_box_xy_y,-0.004865585209077307,0.2713443015057713,2804
2,d3il_baseline_ddpm_encdec_vision__Bf_U3,/u/home/llim/FMPCC/FM-PCC/logs/d3il_visual_aligning_baseline/_DA_VA_BRIDGE_d3il_baseline_Bf_U3/d3il_baseline_ddpm_encdec_vision__Bf_U3,,20260620_215600,d3il_baseline,test,none,context_final_xy_dist,0.38764531861004703,0.11785632133450419,2804
2,d3il_baseline_ddpm_encdec_vision__Bf_U3,/u/home/llim/FMPCC/FM-PCC/logs/d3il_visual_aligning_baseline/_DA_VA_BRIDGE_d3il_baseline_Bf_U3/d3il_baseline_ddpm_encdec_vision__Bf_U3,,20260620_215600,d3il_baseline,test,none,context_index,12.4839514978602,7.494897248964184,2804
2,d3il_baseline_ddpm_encdec_vision__Bf_U3,/u/home/llim/FMPCC/FM-PCC/logs/d3il_visual_aligning_baseline/_DA_VA_BRIDGE_d3il_baseline_Bf_U3/d3il_baseline_ddpm_encdec_vision__Bf_U3,,20260620_215600,d3il_baseline,test,none,context_init_xy_dist,0.44616037675215414,0.06083497162540402,2804
2,d3il_baseline_ddpm_encdec_vision__Bf_U3,/u/home/llim/FMPCC/FM-PCC/logs/d3il_visual_aligning_baseline/_DA_VA_BRIDGE_d3il_baseline_Bf_U3/d3il_baseline_ddpm_encdec_vision__Bf_U3,,20260620_215600,d3il_baseline,test,none,context_target_angle_deg,1.716708719305237,47.37394648580187,2804
2,d3il_baseline_ddpm_encdec_vision__Bf_U3,/u/home/llim/FMPCC/FM-PCC/logs/d3il_visual_aligning_baseline/_DA_VA_BRIDGE_d3il_baseline_Bf_U3/d3il_baseline_ddpm_encdec_vision__Bf_U3,,20260620_215600,d3il_baseline,test,none,context_target_xy_x,0.48507226239385004,0.053438268466848425,2804
2,d3il_baseline_ddpm_encdec_vision__Bf_U3,/u/home/llim/FMPCC/FM-PCC/logs/d3il_visual_aligning_baseline/_DA_VA_BRIDGE_d3il_baseline_Bf_U3/d3il_baseline_ddpm_encdec_vision__Bf_U3,,20260620_215600,d3il_baseline,test,none,context_target_xy_y,0.26526787196327206,0.037472154437515115,2804
2,d3il_baseline_ddpm_encdec_vision__Bf_U3,/u/home/llim/FMPCC/FM-PCC/logs/d3il_visual_aligning_baseline/_DA_VA_BRIDGE_d3il_baseline_Bf_U3/d3il_baseline_ddpm_encdec_vision__Bf_U3,,20260620_215600,d3il_baseline,test,none,diagnostics_found,1.0,0.0,2804
2,d3il_baseline_ddpm_encdec_vision__Bf_U3,/u/home/llim/FMPCC/FM-PCC/logs/d3il_visual_aligning_baseline/_DA_VA_BRIDGE_d3il_baseline_Bf_U3/d3il_baseline_ddpm_encdec_vision__Bf_U3,,20260620_215600,d3il_baseline,test,none,frozen,0.0,0.0,2804
2,d3il_baseline_ddpm_encdec_vision__Bf_U3,/u/home/llim/FMPCC/FM-PCC/logs/d3il_visual_aligning_baseline/_DA_VA_BRIDGE_d3il_baseline_Bf_U3/d3il_baseline_ddpm_encdec_vision__Bf_U3,,20260620_215600,d3il_baseline,test,none,frozen_worst_overlap_m,,,0
2,d3il_baseline_ddpm_encdec_vision__Bf_U3,/u/home/llim/FMPCC/FM-PCC/logs/d3il_visual_aligning_baseline/_DA_VA_BRIDGE_d3il_baseline_Bf_U3/d3il_baseline_ddpm_encdec_vision__Bf_U3,,20260620_215600,d3il_baseline,test,none,mode_encoding,0.7439372325249644,0.4365347495537274,2804
2,d3il_baseline_ddpm_encdec_vision__Bf_U3,/u/home/llim/FMPCC/FM-PCC/logs/d3il_visual_aligning_baseline/_DA_VA_BRIDGE_d3il_baseline_Bf_U3/d3il_baseline_ddpm_encdec_vision__Bf_U3,,20260620_215600,d3il_baseline,test,none,success_strict,0.0028530670470756064,0.053347371195050904,2804
2,d3il_baseline_ddpm_encdec_vision__Bf_U3,/u/home/llim/FMPCC/FM-PCC/logs/d3il_visual_aligning_baseline/_DA_VA_BRIDGE_d3il_baseline_Bf_U3/d3il_baseline_ddpm_encdec_vision__Bf_U3,,20260620_215600,d3il_baseline,test,none,total_violations,,,0
